Product,Transaction_date,ProductNum,Price,Payment_Type,Latitude,Longitude,Name,City,State,Country
Product1,1,1,1200,3,51.5,-1.1166667,carolina,Basildon,England,United Kingdom
Product1,2,1,1200,4,39.195,-94.68194,Betina,Parkville                   ,MO,United States
Product1,2,1,1200,3,46.18806,-123.83,Federica e Andrea,Astoria                     ,OR,United States
Product1,3,1,1200,4,-36.1333333,144.75,Gouya,Echuca,Victoria,Australia
Product1,4,1,1200,4,39.79,-75.23806,LAURENCE,Mickleton                   ,NJ,United States
Product1,4,1,1200,3,40.69361,-89.58889,Fleur,Peoria                      ,IL,United States
Product1,2,1,1200,3,36.34333,-88.85028,adam,Martin                      ,TN,United States
Product1,4,1,1200,3,32.0666667,34.7666667,Renee Elisabeth,Tel Aviv,Tel Aviv,Israel
Product1,4,1,1200,4,48.8833333,2.15,Aidan,Chatou,Ile-de-France,France
Product1,5,1,1200,2,40.71417,-74.00639,Stacy,New York                    ,NY,United States
Product1,5,1,1200,1,51.45,5.4666667,Heidi,Eindhoven,Noord-Brabant,Netherlands
Product1,2,1,1200,3,29.42389,-98.49333,Sean ,Shavano Park                ,TX,United States
Product1,5,1,1200,4,43.69556,-116.35306,Georgia,Eagle                       ,ID,United States
Product1,2,1,1200,4,40.03222,-74.95778,Richard,Riverside                   ,NJ,United States
Product1,4,1,1200,2,53.6772222,-6.3191667,Leanne,Julianstown,Meath,Ireland
Product1,5,1,1200,4,45.4166667,-75.7,Janet,Ottawa,Ontario,Canada
Product1,6,1,1200,2,17.3833333,78.4666667,barbara,Hyderabad,Andhra Pradesh,India
Product1,2,1,1200,2,40.76083,-111.89028,Hani,Salt Lake City              ,UT,United States
Product1,6,1,1200,4,53.5,-2.2166667,Jeremy,Manchester,England,United Kingdom
Product1,1,1,1200,2,51.8630556,-8.58,Janis,Ballynora,Cork,Ireland
Product1,5,1,1200,3,-26.1666667,27.8666667,Nicola,Roodepoort,Gauteng,South Africa
Product1,6,1,1200,4,32.64,-117.08333,asuman,Chula Vista                 ,CA,United States
Product1,2,1,1200,3,62.9,27.6833333,Lena,Kuopio,Ita-Suomen Laani,Finland
Product1,1,1,1200,4,29.61944,-95.63472,Lisa,Sugar Land                  ,TX,United States
Product1,7,1,1200,2,40.71417,-74.00639,Bryan Kerrene,New York                    ,NY,United States
Product1,2,1,1200,4,51.52721,0.14559,chris,London,England,United Kingdom
Product1,1,1,1200,4,40.61278,-89.45917,Maxine,Morton                      ,IL,United States
Product1,8,1,1200,4,37.22667,-121.97361,Family,Los Gatos                   ,CA,United States
Product1,8,1,1200,3,40.71417,-74.00639,Katherine,New York                    ,NY,United States
Product1,8,1,1200,3,25.77389,-80.19389,Linda,Miami                       ,FL,United States
Product1,8,1,1200,3,46.2333333,6.2,SYLVIA,Vesenaz,Geneve,Switzerland
Product1,3,1,1200,2,40.65,-73.95,Sheila,Brooklyn                    ,NY,United States
Product1,5,1,1200,3,52.3333333,4.7833333,Stephanie,Badhoevedorp,Noord-Holland,Netherlands
Product1,6,1,1200,1,38.96861,-77.34139,Kelly,Reston                      ,VA,United States
Product1,8,1,1200,4,33.44833,-112.07333,jennifer,Phoenix                     ,AZ,United States
Product1,9,1,1200,3,29.76306,-95.36306,Anneli,Houston                     ,TX,United States
Product1,7,1,1200,3,34.33806,-84.37667,Marie,Ball Ground                 ,GA,United States
Product1,3,1,1200,4,56.0333333,12.6166667,Mehmet Fatih,Helsingor,Frederiksborg,Denmark
Product1,7,1,1200,1,29.76306,-95.36306,Nicole,Houston                     ,TX,United States
Product1,9,1,1200,3,51.4,-1.3166667,Sari,Newbury,England,United Kingdom
Product1,3,1,1200,3,55.6666667,12.5833333,simone,Kobenhavn,Kobenhavn,Denmark
Product1,10,1,1200,1,33.92417,-84.37861,Vanessa,Sandy Springs               ,GA,United States
Product1,10,1,1200,2,53.4247222,-6.1758333,Anupam,Kinsaley,Dublin,Ireland
Product1,10,1,1200,4,26.12194,-80.14361,Karina,Fort Lauderdale             ,FL,United States
Product1,6,1,1200,3,-37.8166667,144.9666667,Frank,Melbourne,Victoria,Australia
Product1,10,1,1200,4,41.72972,-93.60556,Angela,Ankeny                      ,IA,United States
Product1,7,1,1200,4,35.72,-79.1775,Darren,Pittsboro                   ,NC,United States
Product1,1,1,1200,3,40.91139,-73.78278,Nikki,New Rochelle                ,NY,United States
Product1,11,1,1200,4,-28,153.4333333,chris,Gold Coast,Queensland,Australia
Product1,11,1,1200,4,50.8333333,4.3333333,Stephanie,Brussels,Brussels (Bruxelles),Belgium
Product1,10,1,1200,4,49.25,-122.5,Anushka,Maple Ridge District Municipality,British Columbia,Canada
Product1,7,1,1200,3,41.46444,-81.50889,June ,Beachwood                   ,OH,United States
Product1,5,1,1200,3,59.2833333,18.3,Bonnie,Saltsjobaden,Stockholm,Sweden
Product1,2,1,1200,4,51.6766667,-2.0180556,Cindy ,Kemble,England,United Kingdom
Product1,12,1,1200,3,43.64917,-72.31083,chrissy,W Lebanon                   ,NH,United States
Product1,4,1,1200,3,51.1166667,-0.8166667,Tamar,Headley,England,United Kingdom
Product1,12,1,1200,3,50.9,-1.4,Bernadett,Southampton,England,United Kingdom
Product1,8,1,1200,4,39.53306,-77.315,Dottie,Woodsboro                   ,MD,United States
Product1,11,1,1200,4,58.9666667,5.75,Stefan,Stavanger,Rogaland,Norway
Product1,7,1,1200,4,52.2666667,-113.8,Gina,Red Deer,Alberta,Canada
Product1,2,1,1200,2,35.14944,-90.04889,Lynne,Memphis                     ,TN,United States
Product1,5,1,1200,3,46.5166667,6.5,Tammy,Morges,Vaud,Switzerland
Product1,8,1,1200,4,51.0833333,-114.0833333,Kim,Calgary,Alberta,Canada
Product1,8,1,1200,4,44.1666667,-77.3833333,Bruce,Belleville,Ontario,Canada
Product1,11,1,1200,4,39.16194,-84.45694,Rosa Maria,Cincinnati                  ,OH,United States
Product1,12,1,1200,4,49.6833333,-124.9333333,Lydia,Comox,British Columbia,Canada
Product1,12,1,1200,4,49.5855556,6.1230556,Eric,Gasperich,Luxembourg,Luxembourg
Product1,11,1,1200,3,54.65,-5.7333333,AnaPaula,Helens Bay,Northern Ireland,United Kingdom
Product1,13,1,1200,4,45.4666667,9.2,Robin,Milan,Lombardy,Italy
Product1,13,1,1200,4,40.63667,-74.15917,Gitte,Staten Island               ,NY,United States
Product1,8,1,1200,4,59.9166667,10.75,Dr. Claudia,Oslo,Oslo,Norway
Product1,2,1,1200,4,42.46444,-83.37639,Crystal,Farmington,Michigan,United States
Product1,7,1,1200,2,34.01944,-118.49028,Delphine,Santa Monica                ,CA,United States
Product1,1,1,1200,4,51.0833333,-114.0833333,nathalie,Calgary,Alberta,Canada
Product1,3,1,1200,3,49.25,-123.1333333,Lindi,Vancouver,British Columbia,Canada
Product1,10,1,1200,3,51.9,-2.0833333,Kevin,Cheltenham,England,United Kingdom
Product1,13,1,1200,4,37.61917,-75.76417,Clare,Keller                      ,VA,United States
Product1,2,1,1200,4,54.8333333,11.15,Alice,Nakskov,Storstrom,Denmark
Product1,14,1,1200,3,21.30694,-157.85833,ZENA,Honolulu                    ,HI,United States
Product1,6,1,1200,4,46.985,28.9425,Andrea,Bubuieci,Chisinau,Moldova
Product1,3,1,1200,4,30.66944,-81.46278,Rennae,Amelia Island               ,FL,United States
Product1,4,1,1200,4,44.15,-79.8666667,Gerhard,Alliston,Ontario,Canada
Product1,12,1,1200,1,37.9333333,-1.1333333,Megan,La Alberca,Murcia,Spain
Product1,6,1,1200,3,53.3122222,-6.2683333,Danielle,Rathgar,Dublin,Ireland
Product1,13,1,1200,3,25.72111,-80.26861,Tod,Coral Gables                ,FL,United States
Product1,14,1,1200,4,25.77389,-80.19389,Janaina,Miami                       ,FL,United States
Product1,6,1,1200,4,49.25,-123.1333333,Kofi,Vancouver,British Columbia,Canada
Product1,14,1,1200,4,25.2097222,55.2477778,Jennifer,Jumeira,Dubayy,United Arab Emirates
Product1,13,1,1200,4,39.64778,-104.98722,Jolene ,Englewood                   ,CO,United States
Product1,8,1,1200,3,50.7166667,-1.8833333,anne,Bournemouth,England,United Kingdom
Product1,15,1,1200,3,42.09722,-88.69278,Alexis,Genoa                       ,IL,United States
Product1,12,1,1200,4,26.2172222,50.5405556,Dez,Al 'Adliyah,Al Manamah,Bahrain
Product1,15,1,1200,4,49.4333333,1.0833333,Stephanie,Rouen,Upper Normandy,France
Product1,5,1,1200,4,26.30972,-80.2375,Melissa ,Parkland                    ,FL,United States
Product1,10,1,1200,1,37.775,-122.41833,CLARE,San Francisco               ,CA,United States
Product1,15,1,1200,3,37.61917,-75.76417,catherine,Keller                      ,VA,United States
Product1,12,1,1200,4,49.0166667,-123.0833333,Veronique ,Tsawwassen,British Columbia,Canada
Product1,6,1,1200,3,40.63667,-74.91028,Bruce and Camille,Clinton                     ,NJ,United States
Product1,14,1,1200,3,37.77417,-87.11333,Ellen,Owensboro                   ,KY,United States
Product1,14,1,1200,4,33.1425,-96.96917,Amy,Lakewood Village            ,TX,United States
Product1,6,1,1200,4,50.7166667,-113.9666667,Anna,Okotoks,Alberta,Canada
Product1,1,1,1200,3,53.1333333,6.6333333,Regina,Glimmen,Groningen,Netherlands
Product1,15,1,1200,4,51.0833333,-114.0833333,Heidi,Calgary,Alberta,Canada
Product1,15,1,1200,4,45.3333333,-75.9,Jessica,Kanata,Ontario,Canada
Product1,12,1,1200,2,51.7166667,6.5,Petra,Bergen,Nordrhein-Westfalen,Germany
Product1,15,1,1200,4,38.98056,-76.93722,Brian,College Park                ,MD,United States
Product1,14,1,1200,4,19.7349,-155.9003,Kenny,Kailua Kona                 ,HI,United States
Product1,14,1,1200,1,33.84917,-118.3875,ayse,Redondo Beach               ,CA,United States
Product1,3,1,1200,1,33.61167,-111.71667,Maria and Timothy,Fountain Hls                ,AZ,United States
Product1,12,1,1200,4,-27.5,153.0166667,IMAN,Brisbane,Queensland,Australia
Product1,16,1,2100,3,41.37222,-73.73389,Gerald,Mahopac                     ,NY,United States
Product1,15,1,1200,3,45.4,-73.9333333,Annelies,Ile-Perrot,Quebec,Canada
Product1,7,1,1200,1,50.8333333,4.3333333,Jocelyn,Bruxelles,Brussels (Bruxelles),Belgium
Product1,3,1,1200,4,41.85,-87.65,Kara,Chicago                     ,IL,United States
Product1,16,1,1200,4,30.07972,-95.41694,Orsi,Rayford                     ,TX,United States
Product1,5,1,1200,4,33.11917,-117.08556,Ben,Escondido                   ,CA,United States
Product1,2,1,1200,4,40.6166667,29.0666667,Sam,Tesvikiye,Istanbul,Turkey
Product1,13,1,1200,4,-25.8744444,28.1705556,Filip and Teresa,Centurion,Gauteng,South Africa
Product1,15,1,1200,4,53.9666667,-1.0833333,Grace ,York,England,United Kingdom
Product1,11,1,1200,4,39.04361,-77.48778,Chelsey ,Ashburn                     ,VA,United States
Product1,15,1,1200,1,34.05222,-118.24278,Charis,Los Angeles                 ,CA,United States
Product1,1,1,1200,4,47.25028,-122.2925,Marlene,Edgewood                    ,WA,United States
Product1,6,1,1200,4,40.71417,-74.00639,Fie,New York                    ,NY,United States
Product1,9,1,1200,2,51.2666667,-1.0833333,Nicole ,Basingstoke,England,United Kingdom
Product1,17,1,1200,2,52.0833333,4.3,Linda,Den Haag,Zuid-Holland,Netherlands
Product1,12,1,1200,4,33.9525,-84.55,Janet,Marietta                    ,GA,United States
Product1,4,1,1200,3,29.76306,-95.36306,Jamie,Houston                     ,TX,United States
Product1,17,1,1200,4,40.79861,-74.23944,Chad,West Orange                 ,NJ,United States
Product1,1,1,1200,3,52.35,4.9166667,sunny,Amsterdam,Noord-Holland,Netherlands
Product1,18,1,1200,4,33.94,-118.13167,Anna,Downey                      ,CA,United States
Product1,18,1,1200,2,52.7205556,-7.5825,Roger,Urlingford,Kilkenny,Ireland
Product1,1,1,1200,3,55.8166667,12.4666667,Si,Holte,Kobenhavn,Denmark
Product1,18,1,1200,4,47.2,8.75,Sherri,Freienbach,Schwyz,Switzerland
Product1,11,1,1200,3,50.0833333,8.45,Katherine,Hofheim am Taunus,Hessen,Germany
Product1,4,1,1200,3,37.88583,-122.11694,Clare,Lafayette                   ,CA,United States
Product1,17,1,1200,1,29.2891667,48.05,Campbell,Mushrif,,Kuwait
Product1,18,1,1200,4,33.94556,-93.84694,Ruth,Nashville                   ,AR,United States
Product1,18,1,1200,4,54.65,-1.6666667,Doug,Bishop Auckland,England,United Kingdom
Product1,18,1,1200,4,39.43361,-76.35806,Shailesh,Joppa,MD,United States
Product1,18,1,1200,4,39.43361,-76.35806,Conrad,Joppa,MD,United States
Product1,13,1,1200,2,40.70694,-74.95639,Alison,Hampton                     ,NJ,United States
Product1,5,1,1200,3,38.25417,-85.75944,Tracy,Louisville                  ,KY,United States
Product1,14,1,1200,4,39.04361,-77.48778,Kate,Broadlands                  ,VA,United States
Product1,4,1,1200,2,62.45,-114.35,Sarka,Yellowknife,Northwest Territories,Canada
Product1,11,1,1200,4,45.10778,-93.23778,Klara,Spring Lake Park            ,MN,United States
Product1,13,1,1200,3,49.8833333,-97.1666667,Andrew,Winnipeg,Manitoba,Canada
Product1,12,1,1200,4,47.60639,-122.33083,Vicki and Bill,Seattle                     ,WA,United States
Product1,12,1,1200,3,39.83806,-75.15306,David,Deptford                    ,NJ,United States
Product1,6,1,1200,3,52.35,4.9166667,Antonella,Amsterdam,Noord-Holland,Netherlands
Product1,9,1,1200,4,34.07528,-84.29417,David,Alpharetta                  ,GA,United States
Product1,18,1,1200,4,38.895,-77.03667,Greg,Washington                  ,DC,United States
Product1,7,1,1200,4,59.9666667,10.6666667,Jannik ,Holmenkollen,Oslo,Norway
Product1,3,1,1200,4,41.1980556,29.0302778,Sylvia,Zekeriyakoy,Istanbul,Turkey
Product1,5,1,1200,1,38.895,-77.03667,Bernadette,Washington                  ,DC,United States
Product1,4,1,1200,2,45.5,-73.5833333,Denise,Montreal,Quebec,Canada
Product1,14,1,1200,4,33.96083,-83.37806,luciana,Athens                      ,GA,United States
Product1,11,1,1200,2,34.09639,-83.76139,Maja,Hoschton                    ,GA,United States
Product1,15,1,1200,4,42.48944,-83.14472,Kirstie,Royal Oak                   ,MI,United States
Product1,15,1,1200,4,42.48944,-83.14472,Scott ,Royal Oak                   ,MI,United States
Product1,2,1,1200,3,42.39583,-71.17917,Jammie,Belmont                     ,MA,United States
Product1,19,1,1200,3,41.02278,-73.56528,Frank,Old Greenwich               ,CT,United States
Product1,19,1,1200,3,25.71222,-80.25722,scott,Coconut Grove               ,FL,United States
Product1,10,1,1200,4,38.90111,-77.26556,Jiri,Vienna                      ,VA,United States
Product1,15,1,1200,4,36.84667,-76.28556,Dave and Amy,Norfolk                     ,VA,United States
Product1,19,1,1200,3,36.84667,-76.28556,Rebecca,Norfolk                     ,VA,United States
Product1,19,1,1200,4,57.1333333,-2.1,Melissa,Aberdeen,Scotland,United Kingdom
Product1,4,1,1200,1,-32.95,151.6666667,jeremy,Charlestown,New South Wales,Australia
Product1,20,1,1200,4,53.5333333,-2.6166667,Randy,Wigan,England,United Kingdom
Product1,3,1,1200,4,39.01806,-77.20889,Djeiny,Rockville                   ,MD,United States
Product1,20,1,1200,3,32.525,-93.75,Andrea ,Shreveport                  ,LA,United States
Product1,10,1,1200,1,40.33667,-74.0475,Joanna,Little Silver               ,NJ,United States
Product1,20,1,1200,4,54.8333333,-3.2833333,Jessica,Abbey Town,England,United Kingdom
Product1,19,1,1200,1,39.95222,-75.16417,alison,Mid City West               ,PA,United States
Product1,18,1,1200,4,33.74889,-84.38806,malin,Atlanta,Georgia,United States
Product1,3,1,1200,4,52.0333333,-0.7,Genevieve,Milton Keynes,England,United Kingdom
Product1,1,1,1200,3,51.05,13.75,Saraya,Dresden,Saxony,Germany
Product1,20,1,1200,3,40.71417,-74.00639,Anastasia,NYC                         ,NY,United States
Product1,20,1,1200,4,-24.8166667,152.4166667,Elizabeth,The Grange,Queensland,Australia
Product1,15,1,1200,4,42.33167,-71.12167,Nicole,Brookline                   ,MA,United States
Product1,5,1,1200,4,45.6,-73.6166667,Jeffrey,Montreal-Nord,Quebec,Canada
Product1,12,1,1200,3,32.81389,-96.94861,Blanca Gabriela ,Irving                      ,TX,United States
Product1,4,1,1200,1,41.66417,-83.64333,Elisa,Ottawa Hills                ,OH,United States
Product1,9,1,1200,4,-33.8833333,151.2166667,Bob,Sydney,New South Wales,Australia
Product1,16,1,1200,4,-34.4333333,150.8833333,Elizabeth,Wollongong,New South Wales,Australia
Product1,20,1,1200,1,40.65,-73.95,Cathy,Brooklyn                    ,NY,United States
Product1,10,1,1200,4,41.67361,-88.00167,suzanne,Lemont                      ,IL,United States
Product1,7,1,1200,3,37.50722,-122.25944,Cassandra,San Carlos                  ,CA,United States
Product1,8,1,1200,3,41.85,-87.65,Jennifer,Chicago                     ,IL,United States
Product1,21,1,1200,4,59.9166667,10.75,nicole,Oslo,Oslo,Norway
Product1,21,1,1200,4,40.68361,-73.51056,Sean,Wantagh,NY,United States
Product1,2,1,1200,3,-27.8833333,153.3,Morgan,Coomera,Queensland,Australia
Product1,19,1,1200,2,34.94889,-85.25694,Harriet,Fort Oglethorpe             ,GA,United States
Product1,18,1,1200,3,39.24167,-74.81556,Janine,Corbin City                 ,NJ,United States
Product1,20,1,1200,3,32.85722,-116.92139,Debora,Lakeside                    ,CA,United States
Product1,20,1,1200,4,26.30972,-80.2375,Vishpala,Margate                     ,FL,United States
Product1,1,1,1200,1,26.70528,-80.03667,Emer,South Palm Beach            ,FL,United States
Product1,21,1,1200,2,40.71417,-74.00639,john,New York                    ,NY,United States
Product1,7,1,1200,3,61.21806,-149.90028,lailani,Anchorage                   ,AK,United States
Product1,21,1,1200,4,52.55,4.6666667,Tricia,Castricum,Noord-Holland,Netherlands
Product1,18,1,1200,4,40.4497,-74.482,Celina,North Brunswick             ,NJ,United States
Product1,22,1,1200,4,29.73528,-94.97722,Patrick,Baytown                     ,TX,United States
Product1,12,1,1200,3,28.02194,-81.73306,Jacob,Winter Haven                ,FL,United States
Product1,22,1,1200,4,47.65889,-117.425,elisabeth,Gonzaga Univ                ,WA,United States
Product1,21,1,1200,4,51.52721,0.14559,Kevin ,London,England,United Kingdom
Product1,1,1,1200,3,58.9666667,5.75,Liban,Stavanger,Rogaland,Norway
Product1,20,1,1200,4,42.45222,-71.1375,Marie,Winchester                  ,MA,United States
Product1,4,1,1200,4,51.0833333,-114.0833333,Charlene,Calgary,Alberta,Canada
Product1,6,1,1200,4,32.78333,-96.8,Orit,Dallas                      ,TX,United States
Product1,8,1,1200,4,53.4508333,-6.1544444,Alan,Malahide,Dublin,Ireland
Product1,6,1,1200,4,55.95,-3.2,Lina,Edinburgh,Scotland,United Kingdom
Product1,23,1,1200,1,52.3,5.15,Larry,Naarden,Noord-Holland,Netherlands
Product1,10,1,1200,4,53.1666667,8.2,Jessica,Oldenburg,Lower Saxony,Germany
Product1,21,1,1200,1,39.2475,-114.88778,Eric,Ely                         ,NV,United States
Product1,21,1,1200,1,36.84667,-76.28556,Miriane,Norfolk                     ,VA,United States
Product1,19,1,1200,4,29.76306,-95.36306,Jeff,Houston                     ,TX,United States
Product1,23,1,1200,2,47.4166667,19.0833333,christina,Chepel,Budapest,Hungary
Product1,22,1,1200,3,41.98111,-89.595,Shannon,Buffalo Grove               ,IL,United States
Product1,14,1,1200,3,56.3333333,-3.25,Angela,Newburgh,Scotland,United Kingdom
Product1,16,1,1200,4,48.2,16.3666667,Angela,Vienna,Vienna,Austria
Product1,1,1,1200,3,45.55,11.55,Elaine,Vicenza,Veneto,Italy
Product1,21,1,1200,4,39.89694,-76.16389,Helen,Mechanics Grove             ,PA,United States
Product1,18,1,1200,4,38.99056,-77.02639,Nina,Silver Spring               ,MD,United States
Product1,15,1,1200,2,43.25,5.6166667,Karen,Roquefort,Provence-Alpes-Cote d'Azur,France
Product1,17,1,1200,4,45.52361,-122.675,Georgina,Portland                    ,OR,United States
Product1,23,1,1200,2,40.56472,-74.1275,Kellie,Staten Island               ,NY,United States
Product1,19,1,1200,3,29.42389,-98.49333,Terry,San Antonio                 ,TX,United States
Product1,10,1,1200,4,59.4136111,10.4669444,frauke,Horten,Vestfold,Norway
Product1,17,1,1200,4,29.42389,-98.49333,Simone,San Antonio                 ,TX,United States
Product1,25,1,1200,4,22.22361,-159.48528,Hilde ,Princeville                 ,HI,United States
Product1,9,1,1200,4,53.3786111,-6.3922222,Leah,Castleknock,Dublin,Ireland
Product1,9,1,1200,4,53.3786111,-6.3922222,Laine,Castleknock,Dublin,Ireland
Product1,11,1,1200,4,51.8666667,0.1666667,kirsten,Bishops Stortford,England,United Kingdom
Product1,6,1,1200,3,37.88583,-122.11694,Anna,Lafayette                   ,CA,United States
Product1,1,1,1200,2,53.8166667,-3.05,Babs,Blackpool,England,United Kingdom
Product1,3,1,1200,3,55.7333333,12.5833333,Gerlinde,Hellerup,Kobenhavn,Denmark
Product1,11,1,1200,3,51.51334,-0.08895,Hollyn,London,England,United Kingdom
Product1,13,1,1200,4,42.68361,-78.33806,leiser,N Java                      ,NY,United States
Product1,16,1,1200,1,47.9666667,-0.2333333,Lisa,Brulon,Pays de la Loire,France
Product1,6,1,1200,4,30.26694,-97.74278,Ann,Austin                      ,TX,United States
Product1,18,1,1200,3,40.98917,-74.14111,Nichol Jane,Midland Park                ,NJ,United States
Product1,13,1,1200,1,40.88528,-73.37667,Beatriz,Centerport                  ,NY,United States
Product1,24,1,1200,3,48.25,16.3,corina,Neustift am Walde,Vienna,Austria
Product1,24,1,1200,3,48.25,16.3,manon,Neustift am Walde,Vienna,Austria
Product1,18,1,1200,2,44.90333,-93.56611,Isabelle,Shorewood                   ,MN,United States
Product1,22,1,1200,4,32.94111,-97.13389,Lynne,Southlake                   ,TX,United States
Product1,8,1,1200,3,40.86806,-73.42611,Doug,Huntington                  ,NY,United States
Product1,4,1,1200,3,30.15778,-95.48917,AMY,The Woodlands               ,TX,United States
Product1,13,1,1200,4,49.9,-119.4833333,Kim,Kelowna,British Columbia,Canada
Product1,9,1,1200,3,36.47028,-86.65139,HELIDA,White House                 ,TN,United States
Product1,5,1,1200,4,55.8841667,12.5419444,Cameron,Rungsted,Frederiksborg,Denmark
Product1,26,1,1200,3,41.37222,-73.73389,Wendy,Lake Mahopac                ,NY,United States
Product1,22,1,1200,3,53.2522222,-6.1125,Tara,Killiney,Dublin,Ireland
Product1,9,1,1200,1,47.9,-2.1166667,James,Guer,Brittany,France
Product1,21,1,800,1,38.89028,-77.08444,Heloise ,Arlington                   ,VA,United States
Product1,1,1,1200,3,51.7,-113.2666667,Gabriel,Three Hills,Alberta,Canada
Product1,26,1,1200,4,38.99806,-77.28861,Jodie ,Great Falls,Virginia,United States
Product1,7,1,1200,1,51.52721,0.14559,Jeremy,London,England,United Kingdom
Product1,11,1,1200,4,53.3591667,-6.2161111,Helga,Clontarf,Dublin,Ireland
Product1,26,1,1200,4,49.25,-123.1333333,Eleanor,Vancouver,British Columbia,Canada
Product1,26,1,1200,2,51.52721,0.14559,Miss,London,England,United Kingdom
Product1,7,1,1200,4,39.22,-77.42444,Marie,Dickerson                   ,MD,United States
Product1,18,1,1200,3,40.34861,-74.65944,Lisa,Princeton                   ,NJ,United States
Product1,13,1,1200,3,51.0833333,-114.0833333,Priska,Calgary,Alberta,Canada
Product1,24,1,1200,4,33.76444,-117.79306,Katrine,North Tustin                ,CA,United States
Product1,5,1,1200,1,28.4666667,77.0333333,Lisa,Gurgaon,Haryana,India
Product1,9,1,1200,4,48.65,1.8333333,Sabrina,Rambouillet,Ile-de-France,France
Product1,26,1,1200,4,40.04056,-75.27944,prof,Gladwyne                    ,PA,United States
Product1,21,1,1200,3,29.76306,-95.36306,KeithMichelle,Houston                     ,TX,United States
Product1,5,1,1200,3,51.52721,0.14559,Kim,London,England,United Kingdom
Product1,27,1,1200,4,51.5,-0.5833333,anissa,Slough,England,United Kingdom
Product1,7,1,1200,3,49.4666667,7.4333333,john,Glan-Munchweiler,Rhineland-Palatinate,Germany
Product1,27,1,1200,2,33.15667,-94.96806,Heidi,MT Pleasant                 ,TX,United States
Product1,5,1,1200,3,46.2666667,6.25,T,Veigy-Foncenex,Rhone-Alpes,France
Product1,10,1,1200,2,49.2,-2.0333333,luisa,Gorey, ,Jersey
Product1,8,1,1200,4,45.77611,-111.17611,Nadine,Belgrade                    ,MT,United States
Product1,12,1,1200,3,51.0833333,-114.0833333,Tina,Calgary,Alberta,Canada
Product1,1,1,1200,2,43.6666667,-79.4166667,Damali,Toronto,Ontario,Canada
Product1,27,1,1200,4,35.23778,-106.60611,Katherine,Corrales                    ,NM,United States
Product1,2,1,1200,4,51.8986111,-8.4958333,Kathryn,Cork,Cork,Ireland
Product1,8,1,1200,2,40.92528,-73.96333,Veronique,Tenafly                     ,NJ,United States
Product1,4,1,1200,4,39.11556,-77.56389,Erica,Leesburg                    ,VA,United States
Product1,25,1,1200,4,50.0666667,-91.75,L,Alcona,Ontario,Canada
Product1,23,1,1200,3,3.1666667,101.7,Diana,Kuala Lumpur,Kuala Lumpur,Malaysia
Product1,7,1,1200,3,-33.8833333,151.2166667,Emma,Sydney,New South Wales,Australia
Product1,18,1,1200,4,-27.9833333,153.3333333,Marina,Nerang,Queensland,Australia
Product1,28,1,1200,3,30.38444,-81.93889,Natalie ,Bryceville                  ,FL,United States
Product1,2,1,1200,2,52.0166667,0.25,Brenda,Saffron Walden,England,United Kingdom
Product1,18,1,1200,2,53.3905556,-6.1216667,Nita,Sutton,Dublin,Ireland
Product1,16,1,1200,3,-29.85,31.0166667,Marian,Durban,KwaZulu-Natal,South Africa
Product1,28,1,1200,4,52.4,-1.6333333,Kevin,Berkeswell,England,United Kingdom
Product1,28,1,1200,4,36.7775,-82.94167,cari,Dryden                      ,VA,United States
Product1,18,1,1200,4,53.3986111,-6.2597222,Cassandra,Santry,Dublin,Ireland
Product1,13,1,1200,1,41.3833333,2.1833333,Christof and Heidi,Barcelona,Catalonia,Spain
Product1,28,1,1200,4,35.0525,-78.87861,Ina,Fayetteville                ,NC,United States
Product1,28,1,1200,4,49.2166667,-68.15,Lisa,Anse Comeau,Quebec,Canada
Product1,12,1,1200,4,63.85,-21.3666667,Camille and Carmen,Thorlakshofn, ,Iceland
Product1,23,1,1200,4,43.9333333,-79.5333333,Ginger,King City,Ontario,Canada
Product1,24,1,1200,4,51.9166667,-0.65,breon,Leighton Buzzard,England,United Kingdom
Product1,25,1,1200,4,63.8333333,20.25,Marion,Umea,Vasterbotten,Sweden
Product1,15,1,1200,3,58.8833333,5.6,Pia ,Sola,Rogaland,Norway
Product1,2,1,1200,4,54.5833333,-1.4166667,Dr. Donald,Stockton-on-Tees,England,United Kingdom
Product1,4,1,1200,3,52.5166667,13.4,Rebecca,Berlin,Berlin,Germany
Product1,2,1,1200,3,38.62444,-76.93944,Monique,Waldorf                     ,MD,United States
Product1,28,1,1200,2,40.65,-73.95,lilia ,Brooklyn                    ,NY,United States
Product1,14,1,1200,3,44.64972,-93.2425,Lainey,Lakeville                   ,MN,United States
Product1,6,1,1200,3,49.25,-123.1333333,Charlene ,Vancouver,British Columbia,Canada
Product1,7,1,1200,1,41.05333,-73.53917,Fiona,Stamford                    ,CT,United States
Product1,19,1,1200,3,53.3005556,-6.2827778,burt,Rathfarnham,Dublin,Ireland
Product1,18,1,1200,3,42.60722,-83.92944,Stanford,Howell                      ,MI,United States
Product1,4,1,1200,1,33.03694,-117.29111,ruth,Encinitas                   ,CA,United States
Product1,5,1,1200,4,39.56306,-95.12139,Courtney,Atchison                    ,KS,United States
Product1,12,1,1200,2,42.9825,-77.40917,Anthony,Victor                      ,NY,United States
Product1,18,1,1200,4,64.83778,-147.71639,Eleanor,Fairbanks                   ,AK,United States
Product1,16,1,1200,4,55.4333333,11.5666667,GAIA,Soro,Vestsjalland,Denmark
Product1,13,1,1200,3,51.3,-0.05,Zane,Warlingham,England,United Kingdom
Product1,12,1,1200,3,53.55,10,Beate,Hamburg,Hamburg,Germany
Product1,28,1,1200,1,38.6675,-77.02861,BALA,Accokeek                    ,MD,United States
Product1,29,1,1200,4,37.36889,-122.03528,Mrs,Sunnyvale                   ,CA,United States
Product1,29,1,1200,2,42.44056,-76.49694,Vanessa,Ithaca                      ,NY,United States
Product1,13,1,1200,1,29.76306,-95.36306,Amanda,Houston                     ,TX,United States
Product1,9,1,1200,3,42.46444,-83.37639,alex ,Farmingtn Hls               ,MI,United States
Product1,23,1,1200,3,40.65,-73.95,T,Brooklyn                    ,NY,United States
Product1,29,1,1200,3,38.99806,-77.28861,Alva and Martin,Great Falls                 ,VA,United States
Product1,13,1,1200,4,50.8,-1.1333333,Anett,Gosport,England,United Kingdom
Product1,29,1,1200,4,37.36889,-122.03528,KERRY,Sunnyvale                   ,CA,United States
Product1,4,1,1200,4,37.5333333,127.1166667,DeeDee,Songnae-dong,Soul-t'ukpyolsi,South Korea
Product1,5,1,1200,4,47.3,8.55,katie,Ruschlikon,Zurich,Switzerland
Product1,11,1,1200,4,44.98,-93.26361,Marina,Minneapolis                 ,MN,United States
Product1,2,1,1200,4,41.85,-87.65,camilla,Chicago                     ,IL,United States
Product1,5,1,1200,4,50.9833333,-0.6,pirunkit,Petworth,England,United Kingdom
Product1,17,1,1200,2,24.4666667,54.3666667,Kathrin,Abu Dhabi,Abu Zaby,United Arab Emirates
Product1,28,1,1200,3,59.3333333,18.05,Kate,Stockholm,Stockholm,Sweden
Product1,19,1,1200,3,33.24861,-111.63361,Maie,Queen Creek                 ,AZ,United States
Product1,26,1,1250,3,33.24861,-111.63361,verena,Queen Creek                 ,AZ,United States
Product1,7,1,1200,4,35.99389,-78.89889,Marie-Christine,Durham                      ,NC,United States
Product1,26,1,1200,3,30.26694,-97.74278,Gabriella,Austin                      ,TX,United States
Product1,8,1,1200,3,38.9875,-76.82083,valerie et nicolas,Glenn Dale                  ,MD,United States
Product1,11,1,1200,4,61.55,6.35,Nicole,Aardal,Sogn og Fjordane,Norway
Product1,30,1,1200,4,26.30139,-98.16306,Renee,Edinburg                    ,TX,United States
Product1,1,1,1200,3,-37.8333333,144.9666667,Nicole,South Melbourne,Victoria,Australia
Product1,17,1,1200,3,-3.7166667,-38.5,Joachim,Fortaleza,Ceara,Brazil
Product1,31,1,1200,4,41.20083,-73.38111,Monica ,Weston                      ,CT,United States
Product1,31,1,1200,4,51.4333333,-1,Nanci,Reading,England,United Kingdom
Product1,31,1,1200,3,25.71222,-80.25722,Laura,Coconut Grove               ,FL,United States
Product1,31,1,1200,4,51.51334,-0.08895,ciara and mike,London,England,United Kingdom
Product1,11,1,1200,4,37.775,-122.41833,Sarah,San Francisco               ,CA,United States
Product1,2,1,1200,1,39.05,-77.40111,leigh,Potomac Falls               ,VA,United States
Product1,4,1,1200,3,39.97778,-105.13139,Nuria,Superior                    ,CO,United States
Product1,22,1,1200,3,51.52721,0.14559,Tejal,London,England,United Kingdom
Product1,18,1,1200,3,38.80472,-77.04722,Ignacio,Engleside                   ,VA,United States
Product1,8,1,1200,4,-39.0666667,174.0833333,ZOE,New Plymouth City,Taranaki,New Zealand
Product1,24,1,1200,3,37.20556,-80.03778,nihan,Roanoke                     ,VA,United States
Product1,24,1,1200,4,33.94111,-84.21361,alan,Norcross                    ,GA,United States
Product1,6,1,1200,1,34.02306,-84.36167,lydia,Sandy Plains                ,GA,United States
Product1,24,1,1200,4,43.1666667,-79.2333333,Tracey,Saint Catharines,Ontario,Canada
Product1,3,1,1200,4,38.79556,-77.61417,Anja,Gainesville                 ,VA,United States
Product1,9,1,1200,2,59.8608333,10.7905556,Jennifer,Nordstrand,Oslo,Norway
Product1,12,1,1200,4,42.41528,-71.15694,Holly,Arlington                   ,MA,United States
Product1,7,1,1200,2,34.20111,-118.59722,megan,West Hills                  ,CA,United States
Product1,9,1,1200,3,37.33944,-121.89389,Tarah,San Jose                    ,CA,United States
Product1,26,1,1200,4,51.52721,0.14559,Gerardo,London,England,United Kingdom
Product1,23,1,1200,4,42.45944,-83.18278,Joanne,Oak Park                    ,MI,United States
Product1,6,1,1200,4,29.42389,-98.49333,Margaret,Terrell Hills               ,TX,United States
Product1,10,1,1200,4,25.2097222,55.2477778,Laura,Jumeira,Dubayy,United Arab Emirates
Product1,28,1,1200,4,38.32389,-77.46861,Whitney,Falmouth                    ,VA,United States
Product1,9,1,1200,4,54.4666667,-6.3333333,Ravinder,Lurgan,Northern Ireland,United Kingdom
Product1,19,1,1200,4,29.58194,-95.76056,Pam,Richmond                    ,TX,United States
Product1,15,1,1200,3,52.0833333,4.3,Celina,Den Haag,Zuid-Holland,Netherlands
Product1,30,1,1200,2,35.075,-85.06222,Heather,Ooltewah                    ,TN,United States
Product1,5,1,1200,3,32.79778,-117.23944,Kathryn,Pacific Beach               ,CA,United States
Product1,28,1,1200,4,30.26694,-97.74278,Michele ,Austin                      ,TX,United States
Product1,10,1,1200,4,47.60639,-122.33083,Craig,Seattle                     ,WA,United States
Product1,25,1,1200,4,47.60639,-122.33083,Kim,Seattle                     ,WA,United States
Product1,7,1,1200,1,45.4166667,-75.7,maria,Ottawa,Ontario,Canada
Product1,21,1,1200,4,38.90111,-77.26556,Elaine,Vienna                      ,VA,United States
Product1,23,1,1200,4,-36.7,174.75,Madison,Torbay,Auckland,New Zealand
Product1,5,1,1200,4,51.6166667,0.3166667,Amanda,Shenfield,England,United Kingdom
Product1,6,1,1200,4,60.3911111,5.3247222,Krista,Bergen,Hordaland,Norway
Product1,15,1,1200,4,53.5833333,-2.4333333,Sarah,Bolton,England,United Kingdom
Product1,23,1,1200,3,53.335,-6.2113889,Sarah,Sandymount,Dublin,Ireland
Product1,30,1,1200,4,51.2166667,4.4166667,Christine,Antwerpen,Antwerpen,Belgium
Product1,12,1,1200,1,59.3,18.1666667,mary,Nacka,Stockholm,Sweden
Product1,27,1,1200,4,37.54833,-121.9875,Helena,Fremont                     ,CA,United States
Product1,30,1,1200,4,-28.2333333,152.0166667,nina,Warwick,Queensland,Australia
Product1,15,1,1200,1,40.345,-74.18444,Mark,Holmdel                     ,NJ,United States
Product1,13,1,1200,4,39.2725,-76.53167,alice and rudolf,Baltimore                   ,MD,United States
Product1,21,1,1200,4,53.2802778,-6.4444444,Costanza,Saggart,Dublin,Ireland
Product1,16,1,1200,3,42.65833,-71.1375,Yoko,Andover                     ,MA,United States
Product1,1,1,1200,3,34.22417,-118.23917,Barbara,La Crescenta                ,CA,United States
Product1,13,1,1200,3,34.05139,-84.07139,Kit,Suwanee                     ,GA,United States
Product1,5,1,1200,1,38.89028,-77.08444,linda,Arlington                   ,VA,United States
Product1,4,1,1200,3,51.0833333,-114.0833333,Christyna,Calgary,Alberta,Canada
Product1,12,1,1200,4,47.7575,-122.24278,Alicja ,Kenmore                     ,WA,United States
Product1,17,1,1200,4,36.74778,-119.77139,Rachel,Fresno                      ,CA,United States
Product1,18,1,1200,1,35.48944,-120.66972,Rachel,Atascadero                  ,CA,United States
Product1,27,1,1200,4,41.3833333,2.1833333,Jan,Barcelona,Catalonia,Spain
Product1,8,1,1200,2,51.6333333,-0.7666667,Karin,High Wycombe,England,United Kingdom
Product1,10,1,1200,3,43.85,-79.0166667,Sharon,Ajax,Ontario,Canada
Product1,11,1,1200,3,40.71417,-74.00639,Anna,New York                    ,NY,United States
Product1,19,1,1200,3,41.00861,-91.9625,Laura,Fairfield                   ,IA,United States
Product1,22,1,1200,4,46.3,-79.45,Yana,North Bay,Ontario,Canada
Product1,15,1,1200,4,33.9525,-84.55,Katherine,Marietta                    ,GA,United States
Product1,7,1,1200,2,53.3591667,-6.2161111,Therese,Clontarf,Dublin,Ireland
Product1,12,1,1200,1,40.96333,-76.61306,Francoise ,Danville                    ,PA,United States
Product1,25,1,1200,1,33.86722,-112.14611,Corinne,Anthem                      ,AZ,United States
Product1,5,1,1200,4,52.355,-7.7038889,Ec,Clonmel,Tipperary,Ireland
Product1,5,1,1200,4,38.89028,-77.08444,Carmen,Arlington                   ,VA,United States
Product1,23,1,1200,3,37.90639,-122.06389,Sandrine,Walnut Creek                ,CA,United States
Product1,3,1,1200,3,39.57917,-104.87639,asuncion ,Centennial                  ,CO,United States
Product1,11,1,1200,4,41.41389,-73.30389,Sophie,Newtown                     ,CT,United States
Product1,21,1,1200,1,49.25,-123.1333333,Henrietta,Vancouver,British Columbia,Canada
Product1,24,1,1200,4,53.9666667,-1.0833333,DD,York,England,United Kingdom
Product1,7,1,1200,4,53.7188889,-6.3477778,Jennifer,Drogheda,Louth,Ireland
Product1,29,1,1200,4,40.89889,-74.09306,samuel,Saddle Brook                ,NJ,United States
Product1,8,1,1200,1,32.71528,-117.15639,Angelina  Patrick,San Diego                   ,CA,United States
Product1,31,1,1200,4,47.53028,-122.03139,Sven,Issaquah                    ,WA,United States
Product1,1,1,1200,4,53.5833333,-2.4333333,Toni,Bolton,England,United Kingdom
Product1,30,1,1200,4,42.44722,-71.225,Patrick,Lexington                   ,MA,United States
Product1,27,1,1200,4,34.18972,-118.13028,jason,Altadena                    ,CA,United States
Product1,30,1,250,4,34.18972,-118.13028,Tabatha,Altadena                    ,CA,United States
Product1,30,1,1200,3,34.14778,-118.14361,Natasha,Pasadena                    ,CA,United States
Product1,27,1,1200,3,41.98111,-89.595,Melinda,Buffalo Grove               ,IL,United States
Product1,16,1,1200,4,51.52721,0.14559,Luc1nda,London,England,United Kingdom
Product1,2,1,1200,4,53.0683333,-6.0658333,Kim,Newcastle,Wicklow,Ireland
Product1,21,1,1200,1,41.1175,-73.40833,Britlyn ,Norwalk                     ,CT,United States
Product1,28,1,1200,2,47.25,6.0333333,Adam,Besancon,Franche-Comte,France
Product1,8,1,1200,4,43.7333333,7.4166667,Mimi,Monte-Carlo, ,Monaco
Product1,22,1,1200,4,43.7333333,7.4166667,Liann,Monaco, ,Monaco
Product1,20,1,1200,3,38.32444,-85.87361,Sarah,Floyds Knobs                ,IN,United States
Product1,2,1,1200,2,51.5,-0.1166667,Naseer,London,England,United Kingdom
Product1,11,1,1200,1,33.9525,-84.55,Caroline,Marietta                    ,GA,United States
Product1,23,1,1800,1,33.9525,-84.55,Karena,Marietta                    ,GA,United States
Product1,21,1,1200,1,21.30694,-157.85833,janet,Hon                         ,HI,United States
Product1,11,1,1200,4,35.96056,-83.92083,Sandra  Thierry  Zoe,Knoxville                   ,TN,United States
Product1,10,1,1200,3,55.95,-3.2,Eleanor,Edinburgh,Scotland,United Kingdom
Product1,22,1,1200,4,48.8666667,2.3333333,Anna,Paris,Ile-de-France,France
Product1,17,1,1200,4,29.99861,-95.26194,Cara ,Humble                      ,TX,United States
Product1,4,1,1200,4,41.64833,-70.48167,carolien,Mashpee                     ,MA,United States
Product1,30,1,1200,3,22.2833333,114.15,Ana,Hong Kong, ,Hong Kong
Product1,20,1,1200,4,42.54667,-83.21139,Patrick,Birmingham                  ,MI,United States
Product1,26,1,1200,4,29.89444,-81.31472,Heidi,St Augustine                ,FL,United States
Product1,29,1,1200,4,40.76083,-111.89028,Tom,Salt Lake City              ,UT,United States
Product1,12,1,1200,1,47.60639,-122.33083,Justine,Seattle                     ,WA,United States
Product1,5,1,1200,4,47.25,8.85,isabel,Ruti,Zurich,Switzerland
Product1,25,1,1200,4,36.33194,-94.11833,Fatima,Rogers                      ,AR,United States
Product1,26,1,1200,4,53.2925,-6.1286111,Judy,Dun Laoghaire,Dublin,Ireland
Product1,27,1,1200,4,56.4,-3.4333333,Glenn,Perth,Scotland,United Kingdom
Product1,18,1,1200,1,51.51334,-0.08895,Family in,London,England,United Kingdom
Product1,7,1,1200,4,49.4166667,7.4,Lauren,Gries,Rhineland-Palatinate,Germany
Product1,18,1,1200,4,51.2,0.5833333,Jodi,Sutton Valence,England,United Kingdom
Product1,13,1,1200,3,55.7666667,12.5166667,simone,Lyngby,Kobenhavn,Denmark
Product1,2,1,1200,2,40.95583,-73.93167,Sonja,Alpine                      ,NJ,United States
Product1,25,1,1200,3,47.3666667,8.55,Shane,Zurich,Zurich,Switzerland
Product1,27,1,1200,3,34.04806,-118.52556,Cleo,Pacific Palisades           ,CA,United States
Product1,8,1,1200,2,54.4333333,-124.25,Benoit,Fort Saint James,British Columbia,Canada
Product1,5,1,1200,1,46.2833333,6.1666667,Claire,Versoix,Geneve,Switzerland
Product1,22,1,1200,4,42.54222,-76.66639,Claire,Trumansburg                 ,NY,United States
Product1,25,1,1200,4,39.84667,-75.71194,Lindsey,Kennett Square              ,PA,United States
Product1,8,1,1200,4,35.36583,-120.84889,jennifer,Morro Bay                   ,CA,United States
Product1,4,1,1200,4,-33.8166667,151,Amy,Parramatta,New South Wales,Australia
Product1,30,1,1200,3,52.0166667,-1.9666667,Whitney,Dumbleton,England,United Kingdom
Product1,6,1,1200,4,48.15,15.9166667,Astrid,Altlengbach,Lower Austria,Austria
Product1,14,1,1200,4,51.8833333,-8.5833333,jo,Ballincollig,Cork,Ireland
Product1,14,1,1200,4,51.8833333,-8.5833333,Michelle,Ballincollig,Cork,Ireland
Product1,19,1,1200,3,42.35,25.6666667,TG,Zagore,Stara Zagora,Bulgaria
Product1,7,1,1200,3,57.0333333,24.1,Emily,Vecmilgravis,Riga,Latvia
Product1,27,1,1200,4,46.2833333,6.1,Sarah,Ornex,Rhone-Alpes,France
Product1,3,1,1200,4,36.175,-115.13639,sherry,Las Vegas                   ,NV,United States
Product1,29,1,1200,3,52.3666667,9.7166667,Carmela,Hannover,Lower Saxony,Germany
Product1,6,1,1200,2,40.66417,-73.70889,Matt,N Woodmere                  ,NY,United States
Product1,12,1,1200,4,40.4,-3.6833333,Karen,Madrid,Madrid,Spain
Product1,13,1,1200,4,53.85,-9.3,Joanne,Castlebar,Mayo,Ireland
Product1,12,1,1200,4,37.98722,-122.58778,Stephanie,Fairfax                     ,CA,United States
Product1,30,1,1200,4,33.30611,-111.84056,Hurst,Chandler                    ,AZ,United States
Product1,22,1,1200,4,37.1306,-113.6492,Liza,Dammeron Valley             ,UT,United States
Product1,27,1,1200,3,42.88639,-78.87861,Michele,Buffalo                     ,NY,United States
Product1,19,1,1200,1,41.25639,-74.36028,cath,Warwick                     ,NY,United States
Product1,1,1,1200,1,37.56306,-122.32444,Andrea ,San Mateo                   ,CA,United States
Product1,14,1,1200,3,52.0333333,-0.7,Sabine,Milton Keynes,England,United Kingdom
Product1,20,1,1200,3,46.9,19.7833333,Aideen and Jonathan,Kecskemet,Bacs-Kiskun,Hungary
Product1,29,1,1200,4,54.8333333,11.15,George,Nakskov,Storstrom,Denmark
Product1,24,1,1200,4,28.60056,-81.30667,Helen,Aloma                       ,FL,United States
Product1,7,1,1200,2,33.30611,-111.84056,C,Chandler                    ,AZ,United States
Product1,24,1,1200,4,55.6666667,12.5833333,chris,Kjobenhavn,Staden Kobenhavn,Denmark
Product1,5,1,1200,4,52.25,-2.7,maggie,Stockton,England,United Kingdom
Product1,25,1,1200,1,34.20722,-84.14028,Mareike,Cumming                     ,GA,United States
Product1,15,1,1200,4,41.51,-71.17167,lamia,Little Compton              ,RI,United States
Product1,20,1,1200,4,39.57917,-104.87639,Madhu,Centennial                  ,CO,United States
Product1,28,1,13000,4,39.57917,-104.87639,sandhya,Centennial                  ,CO,United States
Product1,29,1,1200,1,38.96944,-77.38639,Kimberly,Herndon                     ,VA,United States
Product1,6,1,1200,4,33.2,-117.24167,Tania,Vista                       ,CA,United States
Product1,21,1,1200,4,43.62278,-87.79444,andrea,Oostburg                    ,WI,United States
Product1,26,1,1200,3,-34.2833333,146.0333333,John,Griffith,New South Wales,Australia
Product1,9,1,1200,4,40.56222,-111.92889,Nona,South Jordan                ,UT,United States
Product1,11,1,1200,4,52.1588889,-7.1463889,Oswald,Tramore,Waterford,Ireland
Product1,8,1,1200,4,54.35,18.6666667,Elyssa,Gdansk,Pomorskie,Poland
Product1,22,1,1200,4,52.7930556,-6.1413889,michelle,Arklow,Wicklow,Ireland
Product1,26,1,1200,3,40.8,-96.66667,Alicia,Lincoln                     ,NE,United States
Product1,12,1,1200,3,60.3333333,17.5,JP,Tierp,Uppsala,Sweden
Product1,18,1,1200,3,43.45889,-91.86528,sandra,Burr Oak                    ,IA,United States
Product1,24,1,1200,4,41.86611,-88.10694,Olivia,Wheaton                     ,IL,United States
Product1,5,1,1200,4,40.71417,-74.00639,Annette ,Manhattan                   ,NY,United States
Product1,14,1,1200,4,51.75,-1.25,SUSAN,Oxford,England,United Kingdom
Product1,1,1,1200,4,50.7,-3.5333333,ashton,Exeter,England,United Kingdom
Product1,6,1,1200,4,55.8841667,12.5419444,Scott,Rungsted,Frederiksborg,Denmark
Product1,17,1,1200,4,9.9136111,124.0927778,Lisa ,Borja,Bohol,Philippines
Product1,18,1,1200,4,41.49694,-71.36778,Richard,Jamestown                   ,RI,United States
Product1,9,1,1200,4,39.41944,-76.78056,Jasinta Jeanne,Owings Mills                ,MD,United States
Product1,10,1,1200,4,43.25,-79.8333333,Rachel,Hamilton,Ontario,Canada
Product1,7,1,1200,1,61.21806,-149.90028,Cherish ,Anchorage                   ,AK,United States
Product1,18,1,1200,4,53.7233333,-6.2825,Shona ,Mornington,Meath,Ireland
Product1,30,1,1200,3,33.87028,-117.92444,Abikay,Fullerton                   ,CA,United States
Product1,6,1,1200,1,33.74889,-84.38806,Abikay,Atlanta                     ,GA,United States
Product1,8,1,1200,4,53.4166667,-3,amanda,Liverpool,England,United Kingdom
Product1,19,1,1200,1,36.175,-115.13639,amanda,Las Vegas                   ,NV,United States
Product1,9,1,1200,4,42.68056,-83.13389,Stacy,Rochester Hills             ,MI,United States
Product1,8,1,1200,4,-33.7833333,151.1666667,Jacob,Lindfield,New South Wales,Australia
Product1,27,1,1200,3,40.4,-3.6833333,DOREEN,Madrid,Madrid,Spain
Product1,14,1,1200,2,44.38361,-89.81722,eugenia,Wisconsin Rapids            ,WI,United States
Product1,7,1,1200,4,30.26694,-97.74278,Karen,Austin                      ,TX,United States
Product1,20,1,1200,4,41.85,-87.65,Bea,Chicago                     ,IL,United States
Product1,6,1,1200,2,36.175,-115.13639,Hilde Karin,Las Vegas                   ,NV,United States
Product1,4,1,1200,4,53.5333333,-7.35,Rima,Mullingar,Westmeath,Ireland
Product1,24,1,1200,4,-37.8166667,144.9666667,Ruangrote,Melbourne,Victoria,Australia
Product1,25,1,1200,1,-37.15,-58.4833333,pamela,Ayacucho,Buenos Aires,Argentina
Product1,13,1,1200,4,60.6333333,6.4333333,sangeeta,Vossevangen,Hordaland,Norway
Product1,22,1,1200,4,46.25,6.1166667,Anja,Ferney-Voltaire,Rhone-Alpes,France
Product1,2,1,1200,3,37.3772222,-5.9869444,Andrew,Sevilla,Andalucia,Spain
Product1,11,1,1200,4,51.05,11.65,Bato,Munchengosserstadt,Thuringia,Germany
Product1,21,1,1200,3,40.68667,-73.37389,Ailsa ,Lindenhurst                 ,NY,United States
Product1,5,1,1200,4,42.53778,-83.23306,Sophie,Bloomfield                  ,MI,United States
Product1,5,1,1200,4,51.0833333,-114.0833333,Katrin,Calgary,Alberta,Canada
Product1,21,1,1200,4,55.7666667,12.6,Tomasz,Klampenborg,Kobenhavn,Denmark
Product1,7,1,1200,4,51.4333333,-2,Elizabeth,Calne,England,United Kingdom
Product1,30,1,1200,3,35.0525,-78.87861,Nicole,Fayetteville                ,NC,United States
Product1,22,1,1200,4,34.73694,-82.25444,Ryan,Simpsonville                ,SC,United States
Product1,29,1,1200,4,-36.8666667,174.7666667,Mary ,Auckland,Auckland,New Zealand
Product1,2,1,1200,2,51.4333333,-1,Aaron,Reading,England,United Kingdom
Product1,19,1,1200,4,40.83972,-74.27694,Bertrand,North Caldwell              ,NJ,United States
Product1,28,1,1200,3,52.4166667,-1.55,Zoe,Coventry,England,United Kingdom
Product1,8,1,1200,3,44.6,-79.4166667,Trine Marie,Orillia,Ontario,Canada
Product1,29,1,1200,2,48.8666667,2.3333333,Kim,Paris,Ile-de-France,France
Product1,29,1,1200,4,37.33944,-121.89389,John ,San Jose                    ,CA,United States
Product1,8,1,1200,4,49.9833333,8.0666667,Rich,Ingelheim-Mitte,Rhineland-Palatinate,Germany
Product1,4,1,1200,2,52.3,-1.5333333,Kayla,Leamington Spa,England,United Kingdom
Product1,14,1,1200,4,47.4333333,8.4666667,Richard and Comfort,Regensdorf,Zurich,Switzerland
Product1,14,1,1200,4,-37.8166667,144.9666667,Eric,Melbourne,Victoria,Australia
Product1,27,1,1200,3,46.2,6.1666667,Melissa,Geneve,Geneve,Switzerland
Product1,31,1,1200,2,-33.8666667,151.2833333,Dawn,Vaucluse,New South Wales,Australia
Product1,21,1,1200,3,48.3,16.3166667,Tamara,Klosterneuburg,Lower Austria,Austria
Product1,16,1,1200,4,38.58917,-121.30167,Ashley,Rancho Cordova              ,CA,United States
Product1,11,1,1200,4,44.3166667,-80.1,familly ,Creemore,Ontario,Canada
Product1,8,1,1200,3,51.4166667,0.1166667,Ken,Sidcup,England,United Kingdom
Product1,26,1,1200,4,44.98,-93.26361,Tori,Minneapolis                 ,MN,United States
Product1,9,1,1200,1,53.55,-113.5,Precious,Edmonton,Alberta,Canada
Product1,24,1,1200,4,-34.6166667,138.8833333,Michelle,Lyndoch,South Australia,Australia
Product1,26,1,1200,4,40.92778,-73.75222,Paula,Larchmont                   ,NY,United States
Product1,23,1,1200,4,41.91417,-88.30861,Stephanie,Saint Charles               ,IL,United States
Product1,28,1,1200,4,36.03306,-86.78278,kemp,Brentwood                   ,TN,United States
Product1,9,1,1200,2,49.9,-119.4833333,Mona,Kelowna,British Columbia,Canada
Product1,15,1,1200,4,43.6666667,-79.4166667,Caroline,Toronto,Ontario,Canada
Product1,12,1,1200,3,55.6166667,12.35,Andrea,Brondby Strand,Kobenhavn,Denmark
Product1,25,1,1200,3,43.7666667,11.25,Pilar,Florence,Tuscany,Italy
Product1,12,1,1200,4,-31.9333333,115.8333333,Lisa,Perth,Western Australia,Australia
Product1,11,1,1200,1,27.77056,-82.67944,A,Saint Petersburg            ,FL,United States
Product1,3,1,1200,3,46.4833333,6.4,Yvette,Aubonne,Vaud,Switzerland
Product1,5,1,1200,4,38.94222,-77.1825,Nicole,Mc Lean                     ,VA,United States
Product1,2,1,1200,3,36.30472,-86.62,Kelly,Hendersonville              ,TN,United States
Product1,4,1,1200,3,51.6666667,-0.4,Samantha,Watford,England,United Kingdom
Product1,27,1,1200,4,52.35,4.9166667,Caterina,Amsterdam,Noord-Holland,Netherlands
Product1,22,1,1200,4,42.68056,-83.13389,Kate,Rochester Hills             ,MI,United States
Product1,1,1,1200,3,-38.4166667,144.1666667,Tina,Anglesea,Victoria,Australia
Product1,27,1,1200,4,25.05,-77.4166667,Emily,Killarney,New Providence,The Bahamas
Product1,10,1,1200,1,34.005,-118.80917,Maricel,Malibu                      ,CA,United States
Product1,26,1,1200,4,33.10306,-96.67028,Patricia,Allen                       ,TX,United States
Product1,12,1,1200,3,46.0333333,6.2333333,steve,Evires,Rhone-Alpes,France
Product1,16,1,1200,1,52.0833333,4.3,Darrah,Den Haag,Zuid-Holland,Netherlands
Product1,22,1,1200,4,-31.9333333,115.8333333,Sara,Perth City,Western Australia,Australia
Product1,19,1,1200,4,50.2333333,-5.2333333,Erika,Redruth,England,United Kingdom
Product1,24,1,1200,4,50.8333333,4.3333333,Audrey,Bruxelles,Brussels (Bruxelles),Belgium
Product1,13,1,1200,4,51.52721,0.14559,Louise,London,England,United Kingdom
Product1,13,1,1200,2,45.5,-73.5833333,Karen,Montreal,Quebec,Canada
Product1,19,1,1200,1,25.79028,-80.13028,Maki,Miami Beach                 ,FL,United States
Product1,10,1,1200,4,53.2261111,-6.1244444,Peter,Shankill,Dublin,Ireland
Product1,20,1,1200,2,51.75,-1.25,Ashlee,Oxford,England,United Kingdom
Product1,6,1,1200,3,40.71417,-74.00639,Anja,New York                    ,NY,United States
Product1,23,1,1200,4,-37.8166667,144.9666667,Ellen Walton ,Melbourne,Victoria,Australia
Product1,14,1,1200,3,34.16833,-118.605,Jessica,Woodland Hills              ,CA,United States
Product1,14,1,1200,4,61.21806,-149.90028,Wouter and Andrea,Anchorage                   ,AK,United States
Product1,8,1,1200,4,33.88861,-117.81222,Pam and Rob,Yorba Linda                 ,CA,United States
Product1,7,1,1200,4,-36.55,174.7166667,Elsa,Waiwera,Auckland,New Zealand
Product1,25,1,1200,1,42.30972,-71.12083,kathleen kane,Jamaica Plain               ,MA,United States
Product1,28,1,1200,2,59.9166667,10.75,Selene,Oslo,Oslo,Norway
Product1,19,1,1200,4,35.6333333,139.65,Christy,Setagaya,Tokyo,Japan
Product1,27,1,1200,4,51.7469444,-8.7425,Elyse,Bandon,Cork,Ireland
Product1,16,1,1200,3,48.2833333,9.7333333,Alexis,Ehingen an der Donau,Baden-Wurttemberg,Germany
Product1,5,1,1200,4,48.8666667,2.3333333,M George,Paris,Ile-de-France,France
Product1,9,1,1200,4,52.05,-1.3333333,John,Banbury,England,United Kingdom
Product1,29,1,1200,4,34.07361,-118.39944,cheryl,Beverly Hills               ,CA,United States
Product1,27,1,1200,1,59.4166667,18.0166667,R,Danderyd,Stockholm,Sweden
Product1,3,1,1200,4,34.13611,-117.86444,Cindy,Glendora                    ,CA,United States
Product1,12,1,1200,4,59.3,18.1666667,Ed,Nacka,Stockholm,Sweden
Product1,27,1,1200,3,51.2666667,1.0833333,Astrid,Canterbury,England,United Kingdom
Product1,24,1,1200,4,47,6.9666667,Nicole,Neuchatel,Neuchatel,Switzerland
Product1,25,1,1200,4,45.78333,-108.5,Maria Macarena,Billings                    ,MT,United States
Product1,15,1,1200,4,42.28306,-87.95306,Maggie,Libertyville                ,IL,United States
Product1,5,1,1200,2,43.61361,-116.2025,Manoj,Boise                       ,ID,United States
Product1,29,1,1200,4,34.92472,-81.02528,Brenda,Rock Hill                   ,SC,United States
Product1,10,1,1200,3,21.42556,-157.96083,Lizelle ,Mililani                    ,HI,United States
Product1,15,1,1200,4,26.5333333,-78.7,Cormac,Freeport City,Freeport,The Bahamas
Product1,24,1,1200,4,49.3166667,-123.0666667,jacqueline,North Vancouver,British Columbia,Canada
Product1,10,1,1200,4,48.9,9.1833333,Martin,Ludwigsburg,Baden-Wurttemberg,Germany
Product1,4,1,1200,3,-32.2833333,115.7166667,Dean,Rockingham,Western Australia,Australia
Product1,28,1,1200,4,47.5666667,7.6,VERBENA,Basel,Basel-Town,Switzerland
Product1,17,1,1200,3,52.0833333,4.3,Angel Marie,Den Haag,Zuid-Holland,Netherlands
Product1,25,1,1200,4,39.83667,-105.03667,olla,Westminster                 ,CO,United States
Product1,21,1,1200,4,46.1666667,6.1166667,Sarah,Plan-les-Ouattes,Geneve,Switzerland
Product1,19,1,1200,4,59.3833333,18.0666667,Esther,Stocksund,Stockholm,Sweden
Product1,16,1,1200,2,48.7666667,9.1833333,amy,Stuttgart,Baden-Wurttemberg,Germany
Product1,4,1,1200,2,49.25,-122.95,Paul,Burnaby,British Columbia,Canada
Product1,20,1,1200,3,33.81694,-118.03639,Attie,Cypress                     ,CA,United States
Product1,2,1,1200,4,40.15722,-76.30722,odile,Lititz                      ,PA,United States
Product1,2,1,1200,4,51.52721,0.14559,gail ,London,England,United Kingdom
Product1,21,1,1200,4,39.87167,-75.59167,Niki,Chadds Ford                 ,PA,United States
Product1,16,1,1200,3,32.95444,-97.01472,Sarah,Coppell                     ,TX,United States
Product1,9,1,1200,4,33.57056,-117.63861,Beckie ,Ladera Ranch                ,CA,United States
Product1,13,1,1200,4,53.3005556,-6.2827778,Maryse,Rathfarnham,Dublin,Ireland
Product1,13,1,1200,4,55.75,12.5833333,Majken,Charlottenlund,Kobenhavn,Denmark
Product1,29,1,1200,1,49.55,11.5833333,Karen and Andrew,Munchen,Bayern,Germany
Product1,21,1,1200,4,43.7666667,11.25,Katerina,Firenze,Tuscany,Italy
Product1,7,1,1200,3,53.6186111,-6.9205556,Mary,Baile Atha Bui,Meath,Ireland
Product1,26,1,1200,4,45.9166667,6.8666667,Oscar,Chamonix-Mont-Blanc,Rhone-Alpes,France
Product1,29,1,1200,2,46.4,6.1833333,Suejean,Gingins,Vaud,Switzerland
Product1,25,1,1200,1,26.35833,-80.08333,ann,Boca Raton                  ,FL,United States
Product1,24,1,1200,4,44.78944,-93.60194,Renee,Chaska                      ,MN,United States
Product1,28,1,1200,4,39.61333,-105.01611,Catherine,Hghlnds Ranch               ,CO,United States
Product1,20,1,1200,1,33.74889,-84.38806,Rhonda,Atlanta                     ,GA,United States
Product1,29,1,1200,1,40.92528,-73.96333,alix,Tenafly                     ,NJ,United States
Product1,2,1,1200,4,57.1333333,-2.1,Mike,Aberdeen,Scotland,United Kingdom
Product1,31,1,1200,4,59.3166667,18.1166667,Diane,Djurgarden,Stockholm,Sweden
Product1,13,1,1200,4,36.16583,-86.78444,Sigrun,Nashville                   ,TN,United States
Product1,19,1,1200,4,48.15,11.5833333,Dania,Munich,Bayern,Germany
Product1,22,1,1200,4,45.04361,-92.04083,Maria,Boyceville                  ,WI,United States
Product1,14,1,1200,4,43.0166667,-2.4,Bent Erik,Basauri,Pais Vasco,Spain
Product1,19,1,1200,1,-37.8166667,144.9666667,Kirsten,Melbourne,Victoria,Australia
Product1,8,1,1200,4,41.1594444,28.9127778,Dickson,Kemerburgaz,Istanbul,Turkey
Product1,25,1,1200,2,52.2,-2.2,Howard,Worcester,England,United Kingdom
Product1,17,1,1200,4,52.6819444,-7.8022222,Dana,Thurles,Tipperary,Ireland
Product1,23,1,1200,3,52.0833333,4.3,Nola,Den Haag,Zuid-Holland,Netherlands
Product1,24,1,1200,4,41.03333,-73.6,Elizabeth,Cos Cob                     ,CT,United States
Product1,29,1,1200,4,52.6333333,-1.1333333,Matt,Leicester,England,United Kingdom
Product1,3,1,1200,4,45.0166667,-74.7333333,Vanessa,Cornwall,Ontario,Canada
Product1,2,1,1200,4,51.8986111,-8.4958333,Rowena,Cork,Cork,Ireland
Product1,8,1,1200,4,43.9666667,-80.7333333,Catherine,Mount Forest,Ontario,Canada
Product1,29,1,1200,3,41.28139,-73.49861,Sarah,Ridgefield                  ,CT,United States
Product1,24,1,1200,4,-30.0333333,-51.2,sorcha,Porto Alegre,Rio Grande do Sul,Brazil
Product1,24,1,1200,4,45.5333333,-73.7166667,sorcha,Cartierville,Quebec,Canada
Product1,7,1,1200,3,48.7666667,9.1833333,Mary,Stuttgart,Baden-Wurttemberg,Germany
Product1,23,1,1200,4,40.71417,-74.00639,Ronja,Manhattan                   ,NY,United States
Product1,26,1,1200,4,51.8333333,-9.9,Nicola ,Sneem,Kerry,Ireland
Product1,17,1,1200,1,34.07528,-84.29417,BURCAK,Alpharetta                  ,GA,United States
Product1,5,1,1200,4,45.6333333,-73.85,isabelle,Sainte-Therese-de-Blainville,Quebec,Canada
Product1,20,1,1200,3,35.08667,-89.81,christy,Germantown                  ,TN,United States
Product1,29,1,1200,4,53.3786111,-6.3922222,Lilly,Castleknock,Dublin,Ireland
Product1,15,1,1200,2,21.30694,-157.85833,Mandy,Hono                        ,HI,United States
Product1,23,1,1200,3,40.91139,-73.78278,Elena,New Rochelle                ,NY,United States
Product1,26,1,1200,4,51.0833333,-114.0833333,Lolarae,Calgary,Alberta,Canada
Product1,12,1,1200,3,44.1786,-70.7164,Lisa,South Waterford             ,ME,United States
Product1,29,1,1200,3,39.75889,-84.19167,Nita and Trebor,Washington Township         ,OH,United States
Product1,28,1,1200,4,43.55,-80.25,Jenevieve,Guelph,Ontario,Canada
Product1,13,1,1200,3,49.5,6.6,Damian,Mettlach,Saarland,Germany
Product1,12,1,1200,3,47.5166667,7.55,Lusell,Oberwil,Basel-Country,Switzerland
Product1,22,1,1200,4,41.1438889,29.0905556,Costanza,Beykoz,Istanbul,Turkey
Product1,29,1,1200,4,47.0333333,5.7666667,Vanessa,Arc-et-Senans,Franche-Comte,France
Product1,28,1,1200,2,51.4666667,10.5,Evelyn,Grossbodungen,Thuringia,Germany
Product1,19,1,1200,1,50.8333333,4.3333333,Nicola,Bruxelles,Brussels (Bruxelles),Belgium
Product1,30,1,1200,4,52.6166667,-8.8833333,Simone,Kilcornan,Limerick,Ireland
Product1,19,1,1200,3,34.22556,-77.945,Elisabeth,Wilmington                  ,NC,United States
Product1,8,1,1200,4,43.5333333,5.4333333,Kasey,Aix-en-Provence,Provence-Alpes-Cote d'Azur,France
Product1,20,1,1200,4,53.55,-113.5,James,Edmonton,Alberta,Canada
Product1,2,1,1200,4,43.5833333,7.1166667,Alyssa,Antibes,Provence-Alpes-Cote d'Azur,France
Product1,9,1,1200,4,47.60639,-122.33083,Reto,Seattle                     ,WA,United States
Product1,23,1,1200,1,41.1175,-73.40833,Joelle,Rowayton                    ,CT,United States
Product1,17,1,1200,3,42.8333333,-80.3,Nicole,Simcoe,Ontario,Canada
Product1,19,1,1200,3,40.34083,-76.41167,Alexandria,Lebanon                     ,PA,United States
Product1,20,1,1200,3,-27.4833333,153.2166667,Elisabeth,Birkdale,Queensland,Australia
Product1,23,1,1200,4,-27.5,153.0166667,Ann,Brisbane,Queensland,Australia
Product1,21,1,1200,4,48.5833333,7.75,Olga,Strasbourg,Alsace,France
Product1,21,1,1200,4,50.1333333,14.3833333,Courtney,Suchdol,Prague,Czech Republic
Product1,10,1,1200,4,48.7666667,9.1833333,stacy,Stuttgart,Baden-Wurttemberg,Germany
Product1,21,1,1200,4,47.3333333,8.6166667,Katrin,Zumikon,Zurich,Switzerland
Product1,12,1,1200,1,36.175,-115.13639,Alfredo A,Las Vegas                   ,NV,United States
Product1,24,1,1200,4,41.25639,-74.36028,Saeko ,Warwick                     ,NY,United States
Product1,11,1,1200,4,38.58167,-121.49333,Antje,Sacramento                  ,CA,United States
Product1,30,1,1200,4,51.9333333,-8.5666667,janet,Blarney,Cork,Ireland
Product1,7,1,1200,4,52.5961111,-8.5469444,claire ,Ballyneety,Limerick,Ireland
Product1,27,1,1200,3,38.81194,-77.63667,Nathalie,Haymarket                   ,VA,United States
Product1,21,1,1200,3,19.3,-81.3833333,Daria,George Town, ,Cayman Isls
Product1,4,1,1200,4,33.50917,-111.89833,Judith L.,Scottsdale                  ,AZ,United States
Product1,6,1,1200,4,42.375,-71.10611,Audinet,Cambridge                   ,MA,United States
Product1,11,1,1200,4,51.6,-0.55,William,Chalfont Saint Peter,England,United Kingdom
Product1,17,1,1200,2,52.4666667,-1.9166667,Tatjana and Martin,Birmingham,England,United Kingdom
Product1,4,1,1200,3,52.0833333,4.3,Scott,Den Haag,Zuid-Holland,Netherlands
Product1,3,1,1200,3,52.2166667,-9,Andree,Newmarket,Cork,Ireland
Product1,11,1,1200,4,50.5166667,30.25,Aziz,Irpin',Kiev,Ukraine
Product1,17,1,1200,4,42.7666667,11.1333333,Fernando,Grosseto,Tuscany,Italy
Product1,26,1,1200,4,26.01083,-80.14972,Jo,Pembroke Pines              ,FL,United States
Product1,31,1,1200,4,42.9333333,-80.2833333,Joern,Waterford,Ontario,Canada
Product1,18,1,1200,4,41.40306,-72.45139,Melissa,Chester                     ,CT,United States
Product1,18,1,1200,3,38.96861,-77.34139,isabela,Reston                      ,VA,United States
Product1,31,1,1200,4,45.4666667,9.2,Nacole,Milan,Lombardy,Italy
Product1,25,1,1200,2,49.25,-123.1333333,Jennifer,Vancouver,British Columbia,Canada
Product1,16,1,1200,2,34.07528,-84.29417,Mary,Alpharetta                  ,GA,United States
Product1,31,1,1200,4,34.91583,-85.10917,Lisa,Ringgold                    ,GA,United States
Product1,9,1,1200,2,40.1478,-74.2133,Debora ,Wall                        ,NJ,United States
Product1,16,1,1200,1,37.22667,-121.97361,Kristen,Los Gatos                   ,CA,United States
Product1,25,1,1200,3,51.75,-1.25,Malinda,Oxford,England,United Kingdom
Product1,17,1,1200,1,38.80472,-77.04722,Sylvia,Alexandria                  ,VA,United States
Product1,24,1,1200,4,41.9,12.4833333,Jupiterlina Elika,Rome,Lazio,Italy
Product1,27,1,1200,4,43.55222,-87.96167,Aniko,Random Lake                 ,WI,United States
Product1,25,1,1200,3,37.775,-122.41833,Petra,San Francisco               ,CA,United States
Product1,24,1,1200,3,6.1036111,125.2163889,Heather,Baluan,General Santos,Philippines
Product1,6,1,1200,3,50.8333333,4.3333333,Kim,Brussels,Brussels (Bruxelles),Belgium
Product1,17,1,1200,1,41.20417,-73.7275,Ruby,Bedford Corners             ,NY,United States
Product1,21,1,1200,4,41.0186111,28.9647222,Novy ,Istanbul,Istanbul,Turkey
Product1,12,1,1200,3,44.94611,-68.64444,Tammy,Milford                     ,ME,United States
Product1,29,1,1200,4,49.25,-123.1333333,Alessandra,Vancouver,British Columbia,Canada
Product1,24,1,1200,3,52.3833333,-2.25,Cathy,Kidderminster,England,United Kingdom
Product1,12,1,1200,1,51.35,-0.35,dia,Claygate,England,United Kingdom
Product1,5,1,1200,4,56.15,9.8166667,Lauren,Laasby,Arhus,Denmark
Product1,2,1,1200,4,47.45,18.9666667,Line,Budaors,Pest,Hungary
Product1,31,1,1200,1,51.52721,0.14559,Sean,London,England,United Kingdom
Product1,20,1,1200,2,18.4666667,-69.9,Sarah,Santo Domingo City,Distrito Nacional,Dominican Republic
Product1,25,1,1200,4,41.2219,-73.887,Brian,Croton On Hudson            ,NY,United States
Product1,25,1,1200,3,-19.6666667,-43.9166667,Lesa,Vespasiano,Minas Gerais,Brazil
Product1,30,1,1200,3,36.16583,-86.78444,james,Nashville                   ,TN,United States
Product1,7,1,1200,3,45.4166667,-75.7,loudon,Ottawa,Ontario,Canada
Product1,4,1,1200,3,26.14167,-81.795,Allison,Naples                      ,FL,United States
Product1,23,1,1200,3,40.5945,-74.6244,Surat,Bridgewater                 ,NJ,United States
Product1,19,1,1200,2,49.5,6.1666667,brian,Hagen,Lorraine,France
Product1,21,1,1200,4,22.25,112.7833333,Rachel,Taicheng,Guangdong,China
Product1,25,1,1200,3,53.2166667,6.55,Hilde,Groningen,Groningen,Netherlands
Product1,30,1,1200,3,46.3,7.05,Tarja,Villars,Vaud,Switzerland
Product1,26,1,1200,4,35.41056,-80.84306,Megan,Huntersville                ,NC,United States
Product1,2,1,1200,4,33.01444,-97.09667,Katharina,Flower Mound                ,TX,United States
Product1,25,1,1200,4,42.68056,-83.13389,Zaneta ,Rochester                   ,MI,United States
Product1,20,1,1200,4,25.2522222,55.28,Jeannette,Dubai,Dubayy,United Arab Emirates
Product1,6,1,1200,4,39.96111,-82.99889,Cherie,Columbus                    ,OH,United States
Product1,19,1,1200,3,53.3263889,-6.2947222,Tracey,Harold's Cross,Dublin,Ireland
Product1,31,1,1200,2,40.99778,-72.29306,Scott ,Sag Harbor                  ,NY,United States
Product1,6,1,1200,4,32.71528,-117.15639,Frances,San Diego                   ,CA,United States
Product1,21,1,1200,3,39.74583,-75.54694,Beatrice,Wilmington                  ,DE,United States
Product1,29,1,1200,1,47.61056,-122.19944,Alison,Issaquah                    ,WA,United States
Product1,24,1,1200,4,7.8833333,98.4,elaine,Phuket,Phuket,Thailand
Product1,28,1,1200,4,37.9833333,23.7333333,Chevonne,Athina,Attiki,Greece
Product1,30,1,1200,4,46.2,6.1666667,danielle,Geneve,Geneve,Switzerland
Product1,21,1,1200,3,50.8333333,-0.7833333,Caroline and Jonathan,Chichester,England,United Kingdom
Product1,26,1,1200,4,46.0166667,8.95,manuela,Massagno,Ticino,Switzerland
Product1,4,1,1200,4,51.5,-3.2,Carole,Cardiff,Wales,United Kingdom
Product1,10,1,1200,4,32.71528,-117.15639,Hollie,San Diego                   ,CA,United States
Product1,6,1,1200,4,50.4666667,4.1833333,mike,La Louviere,Hainaut,Belgium
Product1,23,1,1200,3,44.98,-93.26361,Malahat,Minneapolis                 ,MN,United States
Product1,18,1,1200,1,-26.1180556,-49.8016667,Michaela,Mafra,Santa Catarina,Brazil
Product1,5,1,1200,1,51.1333333,0.8833333,Amy,Ashford,England,United Kingdom
Product1,2,1,1200,3,53.55,-113.5,Brandi,Edmonton,Alberta,Canada
Product1,25,1,1200,4,51.52721,0.14559,erin,London,England,United Kingdom
Product1,5,1,1200,2,43.8333333,10.4833333,Tracy,Lucca,Tuscany,Italy
Product1,6,1,1200,4,-31.9333333,115.8333333,Polyxene,Perth,Western Australia,Australia
Product1,8,1,1200,2,51.0833333,-114.0833333,Andrea,Calgary,Alberta,Canada
Product1,29,1,1200,3,29.47472,-82.86,Jessica,Chiefland                   ,FL,United States
Product1,19,1,1200,3,58.9666667,5.75,David,Stavenger,Rogaland,Norway
Product1,19,1,1200,4,42.33694,-71.20972,Riche Lou,Newton                      ,MA,United States
Product1,11,1,1200,3,52.0833333,4.3,Chris,Den Haag,Zuid-Holland,Netherlands
Product1,19,1,1200,2,10.0333333,-84.15,melanie,Santa Barbaraa,Heredia,Costa Rica
Product1,26,1,1200,4,38.0166667,-1.1333333,beatrice,Churra,Murcia,Spain
Product1,30,1,1200,3,39.37222,-104.85556,lorna,Castle Rock                 ,CO,United States
Product1,23,1,1200,1,47.1666667,8.5166667,Tary,Zug,Zug,Switzerland
Product1,7,1,1200,4,51.1,-4.1,Julie ,Ashford,England,United Kingdom
Product1,1,1,1200,1,39.08389,-77.15306,Julie ,Rockville                   ,MD,United States
Product1,23,1,1200,3,40.4,-3.6833333,Jerome,Madrid,Madrid,Spain
Product1,22,1,1200,4,59.3488889,10.4675,Laleh,Aasgaardstrand,Vestfold,Norway
Product1,16,1,1200,4,45.4666667,9.2,Michael,Milano,Lombardy,Italy
Product1,13,1,1200,4,46.2833333,6.2166667,Kerry,Anieres,Geneve,Switzerland
Product1,26,1,1200,3,29.53861,-95.44722,Veronique,Fresno                      ,TX,United States
Product1,7,1,1200,4,45.95,-71.9833333,Sarah,Warwick,Quebec,Canada
Product1,15,1,1200,2,51.6666667,-0.4,Simone,Watford,England,United Kingdom
Product1,27,1,1200,4,52.2583333,-7.1119444,Jackie,Waterford,Waterford,Ireland
Product1,28,1,1200,4,52.1666667,20.8333333,giovanna,Pruszkow,Mazowieckie,Poland
Product1,23,1,1200,4,32.2941667,-64.7838889,Elizabeth,Hamilton,Hamilton,Bermuda
Product1,16,1,1200,3,30.38806,-95.69611,Maki,Montgomery                  ,TX,United States
Product1,26,1,1200,1,35.685,139.7513889,Anjan,Tokyo,Tokyo,Japan
Product1,25,1,1200,3,41.25056,-87.83139,Sarah,Manteno                     ,IL,United States
Product1,16,1,1200,3,-26.1833333,28.3166667,Niamh,Benoni,Gauteng,South Africa
Product1,2,1,1200,4,59.8166667,10.25,Elaine,Tranby,Buskerud,Norway
Product1,5,1,1200,2,51.8986111,-8.4958333,Elizabeth,Cork,Cork,Ireland
Product1,15,1,1200,4,26.12194,-80.14361,Sara,Fort Lauderdale             ,FL,United States
Product1,24,1,1200,4,38.89028,-77.08444,Kenneth,Arlington                   ,VA,United States
Product1,2,1,1200,3,40.835,-73.13167,Fiona,Lake Ronkonkoma,NY,United States
Product1,26,1,1200,4,38.80472,-77.04722,Christian,Alexandria                  ,VA,United States
Product1,18,1,1200,2,38.4666667,14.95,jure,Lipari,Sicilia,Italy
Product1,26,1,1200,1,32.23694,-80.86056,Elizabeth ,Bluffton                    ,SC,United States
Product1,11,1,1200,1,28.69861,-81.30833,Juliann,Winter Spgs                 ,FL,United States
Product1,21,1,1200,3,42.59972,-71.36778,Julie ,Chelmsford                  ,MA,United States
Product1,29,1,1200,3,53.2594444,-6.1447222,philippa katherine,Cabinteely,Dublin,Ireland
Product1,31,1,1200,4,39.16194,-84.45694,matthew,Cincinnati                  ,OH,United States
Product1,22,1,1200,4,29.76306,-95.36306,Steven,Houston                     ,TX,United States
Product1,5,1,1200,1,38.01722,-122.2875,Angie,Rodeo                       ,CA,United States
Product1,23,1,1200,3,41.70028,-73.92139,Lauren,Poughkeepsie                ,NY,United States
Product1,7,1,1200,3,39.16194,-84.45694,Esther,Cincinnati                  ,OH,United States
Product1,13,1,1200,4,41.865,-69.99167,Elizabeth,North Eastham               ,MA,United States
Product1,31,1,1200,3,59.5,18.05,Detlev,Taby,Stockholm,Sweden
Product1,9,1,1200,4,40.5333333,-3.6333333,Roza,Alcobendas,Madrid,Spain
Product1,3,1,1200,3,47.64194,-122.07917,paula,Sammamish                   ,WA,United States
Product1,17,1,1200,4,-37.1333333,174.75,Kathryn,Waiau Pa,Auckland,New Zealand
Product1,5,1,1200,3,21.31556,-158.00722,Isabelle,Ewa Beach                   ,HI,United States
Product1,25,1,1200,4,35.7825,-80.8875,Maureen,Statesville                 ,NC,United States
Product1,25,1,1200,4,22.07833,-159.32194,David,Kapaa                       ,HI,United States
Product1,3,1,1200,2,34.18083,-118.30806,caterina,Burbank                     ,CA,United States
Product1,23,1,1200,4,53.3030556,-6.1830556,Alexia,Blackrock,Dublin,Ireland
Product1,10,1,1200,4,53.2666667,-6.1741667,Gloria Gail ,Foxrock,Dublin,Ireland
Product1,19,1,1200,4,55.95,-3.2,Allison,Edinburgh,Scotland,United Kingdom
Product1,25,1,1200,2,29.42389,-98.49333,Phillip,San Antonio                 ,TX,United States
Product1,14,1,1200,4,41.67694,-71.26667,jingyan,Bristol                     ,RI,United States
Product1,7,1,1200,3,33.13833,-96.11056,Selma,Greenville                  ,TX,United States
Product1,3,1,1200,4,33.80056,-118.38917,Doug and Tina,Pls Vrds Est                ,CA,United States
Product1,4,1,1200,4,50.2116667,15.8441667,Lauren,Hradec Kralove,East Bohemia,Czech Republic
Product1,4,1,1200,4,51.2666667,0.5166667,Jen,Maidstone,England,United Kingdom
Product1,2,1,1200,4,51.75,-0.3333333,gladys,Saint Albans,England,United Kingdom
Product1,22,1,1200,3,44.4666667,26.1333333,Gustavo,Voluntari,Bucuresti,Romania
Product1,7,1,1200,4,36.0377778,14.2941667,Erica,Nadur, ,Malta
Product1,29,1,1200,2,39.65361,-105.19056,Hale,Morrison                    ,CO,United States
Product1,27,1,1200,4,51.3833333,0.4,Rosemary,Cobham,England,United Kingdom
Product1,7,1,1200,4,38.4072222,27.1502778,Darian,Izmir,Izmir,Turkey
Product1,23,1,1200,3,34.09833,-118.32583,Kevin,Hollywood                   ,CA,United States
Product1,19,1,1200,4,50.8333333,-0.15,Alyssa,Brighton,England,United Kingdom
Product1,28,1,1200,4,-39.5916667,174.2833333,Hale,Hawera,Taranaki,New Zealand
Product1,4,1,1200,3,-28.05,153.35,KELI,Worongary,Queensland,Australia
Product1,12,1,1200,4,14.65,-90.4833333,Glen,Atlantida,Guatemala,Guatemala
Product1,24,1,1200,4,40.5833333,-4.1166667,T,El Escorial,Madrid,Spain
Product1,28,1,1200,4,39.65361,-105.19056,christal,Morrison                    ,CO,United States
Product1,7,1,1200,3,33.51722,-82.07583,Alex,Augusta                     ,GA,United States
Product1,26,1,1200,3,60.9666667,25.6666667,smith,Lahti,Etela-Suomen Laani,Finland
Product1,5,1,1200,4,48.2166667,16.3666667,Macy,Inner City,Vienna,Austria
Product1,26,1,1200,3,47.4666667,8.3,Lesleigh,Baden,Aargau,Switzerland
Product1,22,1,1200,4,54.5833333,-5.9333333,Hans-Joerg,Belfast,Northern Ireland,United Kingdom
Product1,8,1,1200,2,52.0833333,0.4333333,julie,Haverhill,England,United Kingdom
Product1,12,1,1200,4,43.07306,-89.40111,Julia ,Madison                     ,WI,United States
Product2,4,2,3600,4,33.52056,-86.8025,Gerd W ,Cahaba Heights              ,AL,United States
Product2,6,2,3600,4,51.52721,0.14559,Sabine,London,England,United Kingdom
Product2,5,2,3600,4,-27.1666667,152.95,James,Burpengary,Queensland,Australia
Product2,6,2,3600,1,43.77222,-72.81333,Ritz,Pittsfield                  ,VT,United States
Product2,6,2,3600,1,43.77222,-72.81333,Sylvia,Pittsfield                  ,VT,United States
Product2,7,2,3600,4,41.54278,-87.68472,Anabela,Flossmoor                   ,IL,United States
Product2,3,2,3600,4,26.46111,-80.07306,Christiane ,Delray Beach                ,FL,United States
Product2,4,2,3600,2,53.2,-105.75,Baybars,Prince Albert,Saskatchewan,Canada
Product2,7,2,3600,3,46.5333333,6.6666667,Deirdre,Lausanne,Vaud,Switzerland
Product2,12,2,3600,3,33.66944,-117.82222,Valda,Irvine                      ,CA,United States
Product2,5,2,3600,3,52.3333333,7.9,Marcia,Telgte,Nordrhein-Westfalen,Germany
Product2,18,2,3600,4,51.4166667,-0.25,Cheryl,New Malden,England,United Kingdom
Product2,18,2,3600,4,34.05222,-118.24278,Therese,Los Angeles                 ,CA,United States
Product2,18,2,3600,4,40.71417,-74.00639,Abdul-L,New York                    ,NY,United States
Product2,18,2,3600,4,44.94444,-93.09306,heidi,Saint Paul                  ,MN,United States
Product2,18,2,3600,4,40.71417,-74.00639,jiyoung,New York                    ,NY,United States
Product2,8,2,3600,4,52.2666667,10.5333333,Caren,Braunschweig,Lower Saxony,Germany
Product2,14,2,3600,4,47.5333333,7.5666667,Kristen,Binningen,Basel-Country,Switzerland
Product2,18,2,3600,4,37.78,-121.97694,Bev,San Ramon                   ,CA,United States
Product2,7,2,3600,4,48.8666667,2.3333333,Tiffany ,Paris,Ile-de-France,France
Product2,10,2,3600,3,37.38417,-122.23417,Patricia ,Portola Valley              ,CA,United States
Product2,6,2,3600,1,38.29972,-122.66556,Kaylee,Penngrove                   ,CA,United States
Product2,11,2,3600,4,-33.6666667,151.3,STEPHANIE,Mona Vale,New South Wales,Australia
Product2,21,2,3600,4,30.33194,-81.65583,Rosemary,Jacksonville                ,FL,United States
Product2,3,2,3600,4,55.6,13,ayelet,Malmo,Skane,Sweden
Product2,1,2,3600,4,35.9202778,14.4425,seemab,San Pawl tat-Targa, ,Malta
Product2,4,2,3600,1,50.0833333,8.25,Lucien,Wiesbaden,Hessen,Germany
Product2,16,2,3600,2,51.8986111,-8.4958333,Lesley,Cork,Cork,Ireland
Product2,23,2,3600,3,44.94444,-93.09306,Anja Langer,Saint Paul                  ,MN,United States
Product2,23,2,3600,1,25.77389,-80.19389,Fatisha,Miami                       ,FL,United States
Product2,24,2,3600,4,56.6666667,-3,Barbara,Kirriemuir,Scotland,United Kingdom
Product2,11,2,3600,4,51.2166667,-0.5666667,LAURIE,Guildford,England,United Kingdom
Product2,7,2,3600,3,39.64778,-104.98722,Cindy,Englewood                   ,CO,United States
Product2,6,2,3600,3,52.0833333,4.3,Elizabeth,Den Haag,Zuid-Holland,Netherlands
Product2,1,2,3600,3,48.15,11.5833333,Irene,Munich,Bayern,Germany
Product2,26,2,3600,3,43.6333333,7.1,Jane,Biot,Provence-Alpes-Cote d'Azur,France
Product2,11,2,3600,4,26.12194,-80.14361,shelby,Plantation                  ,FL,United States
Product2,20,2,3600,4,40.00639,-75.70361,Miye,Downingtown                 ,PA,United States
Product2,13,2,3600,4,29.78556,-95.82417,Daniele,Katy                        ,TX,United States
Product2,6,2,3600,4,38.98222,-94.67056,Trina,Overland                    ,KS,United States
Product2,9,2,3600,4,34.6175,-89.96861,Jenna and Paul,Senatobia                   ,MS,United States
Product2,16,2,3600,3,46.2333333,6.3166667,Jag,Saint-Cergues,Rhone-Alpes,France
Product2,13,2,3600,4,48.8666667,2.3333333,Maggie,Paris,Ile-de-France,France
Product2,5,2,3600,1,21.42556,-157.96083,Courtney,Mililani                    ,HI,United States
Product2,29,2,3600,3,33.50917,-111.89833,Jacqui,Scottsdale                  ,AZ,United States
Product2,22,2,3600,3,47.61056,-122.19944,leanne,Clyde Hill                  ,WA,United States
Product2,1,2,3600,3,47.1666667,8.5166667,Anne-line,Zug,Zug,Switzerland
Product2,31,2,3600,3,33.50917,-111.89833,Ulrika,Scottsdale                  ,AZ,United States
Product2,12,2,3600,1,46.2,9.0166667,Pamela,Bellinzona,Ticino,Switzerland
Product2,6,2,3600,4,47.60639,-122.33083,cristina,Seattle                     ,WA,United States
Product2,26,2,3600,1,55.6283333,37.6608333,ron ,Tsaritsyno,Moscow City,Russia
Product2,28,2,3600,1,50.7166667,-113.9666667,Elizabeth,Okotoks,Alberta,Canada
Product2,7,2,3600,1,28.53806,-81.37944,Brittany,Orlando                     ,FL,United States
Product2,17,2,3600,4,38.545,-121.73944,Aline,Davis                       ,CA,United States
Product2,12,2,3600,4,43.6666667,-79.4166667,Debra,Toronto,Ontario,Canada
Product2,14,2,3600,1,52.1333333,-106.6666667,Ruth,Saskatoon,Saskatchewan,Canada
Product2,10,2,3600,4,37.33944,-121.89389,Nicola,San Jose                    ,CA,United States
Product2,8,2,3600,3,13.9166667,100.8166667,PATRICK,Ban Khlong Sip,Krung Thep,Thailand
Product2,7,2,3600,4,46.4166667,6.2,Niki,Trelex,Vaud,Switzerland
Product2,22,2,3600,1,37.97472,-122.56056,Laura,San Anselmo                 ,CA,United States
Product2,2,2,3600,4,-37.4833333,144.5833333,eva,Gisborne,Victoria,Australia
Product2,25,2,3600,4,42.27083,-83.72639,carol,Ann Arbor                   ,MI,United States
Product2,25,2,3600,4,25.2522222,55.28,Family,Dubai,Dubayy,United Arab Emirates
Product2,17,2,3600,4,25.2522222,55.28,Michelle,Dubai,Dubayy,United Arab Emirates
Product2,24,2,3600,4,56.6666667,-3,Kathryn,Kirriemuir,Scotland,United Kingdom
Product2,26,2,3600,4,50.8333333,4.3333333,Geraldine,Brussels,Brussels (Bruxelles),Belgium
Product2,26,2,3600,3,31.11694,-97.7275,Tom,Killeen                     ,TX,United States
Product2,14,2,3600,4,48.8666667,2.3333333,Michael,Paris,Ile-de-France,France
Product2,15,2,3600,4,51.52721,0.14559,Pam,London,England,United Kingdom
Product2,19,2,3600,3,51.51334,-0.08895,Pavel,London,England,United Kingdom
Product2,2,2,3600,4,43.6666667,-79.4166667,Kendra,Toronto,Ontario,Canada
Product2,12,2,3600,1,45.3666667,11.6166667,Leila,Ponte San Nicolo,Veneto,Italy
Product2,15,2,3600,4,46.3,-79.45,Derrick,North Bay,Ontario,Canada
Product2,5,2,3600,4,44.80417,-93.16667,Emillie,Eagan                       ,MN,United States
Product2,28,2,3600,3,49.25,-123.1333333,Kelly ,Vancouver,British Columbia,Canada
Product2,27,2,3600,1,34.05222,-118.24278,Michael,Los Angeles                 ,CA,United States
Product2,7,2,3600,4,45.4666667,9.2,Natasha,Milano,Lombardy,Italy
Product2,24,2,3600,3,47.45,8.5833333,Meredith,Kloten,Zurich,Switzerland
Product2,31,2,3600,3,39.51639,-76.61639,Hanne,Phoenix                     ,MD,United States
Product2,15,2,3600,2,30.42111,-87.21694,Therese,Pensacola                   ,FL,United States
Product2,18,2,3600,1,41.3,2.0166667,Katie,Gava,Catalonia,Spain
Product2,13,2,3600,4,47.3666667,8.55,george,Zurich,Zurich,Switzerland
Product2,18,2,3600,4,48.7,10.8,Hanna Agla,Donauworth,Bayern,Germany
Product2,25,2,3600,4,38.40222,-122.82278,Charlene ,Sebastopol                  ,CA,United States
Product2,23,2,3600,1,33.49361,-117.1475,Christophe,Temecula                    ,CA,United States
Product2,3,2,3600,4,-41.465,148.2572222,Kees en Valesca,Scamander,Tasmania,Australia
Product2,22,2,3600,4,51.6333333,-4.1,Eman,Penclawdd,Wales,United Kingdom
Product2,19,2,3600,4,52.0333333,5.6666667,Julia,Ede,Gelderland,Netherlands
Product2,22,2,3600,3,51.1333333,0.2833333,Jyoti,Tunbridge Wells,England,United Kingdom
Product2,18,2,3600,4,47.53028,-122.03139,Keri,Issaquah                    ,WA,United States
Product2,11,2,3600,4,18.35917,-64.92111,Danny,St Thomas                   ,VI,United States
Product2,19,2,3600,3,39.2166667,9.1166667,don,Cagliari,Sardinia,Italy
Product2,18,2,3600,3,52.0833333,5.1333333,Kelsi,Utrecht,Utrecht,Netherlands
Product2,27,2,3600,4,46.9166667,7.4666667,minjeong,Bern,Bern,Switzerland
Product2,24,2,3600,4,39.00611,-77.42889,Charlotte,Sterling                    ,VA,United States
Product2,14,2,3600,3,-33.3333333,115.6333333,Piret,Bunbury,Western Australia,Australia
Product2,23,2,3600,1,59.3666667,18.1333333,Olympe,Lidingo,Stockholm,Sweden
Product2,15,2,3600,1,40.03722,-75.34944,Monica,Villanova                   ,PA,United States
Product2,20,2,3600,4,58.6,16.1833333,Michael,Norrkoping,Ostergotland,Sweden
Product2,30,2,3600,3,47.4166667,9.6,Louise,Balgach,St Gallen,Switzerland
Product2,29,2,3600,4,50.0833333,14.4666667,Kerry,Prague,Central Bohemia,Czech Republic
Product2,7,2,3600,4,38.99056,-77.02639,VIOLETA,Silver Spring               ,MD,United States
Product2,21,2,3600,4,46.1833333,6.1333333,Melissa,Carouge,Geneve,Switzerland
Product2,4,2,3600,3,49.8833333,-124.55,Karoline ,Powell River,British Columbia,Canada
Product2,10,2,3600,3,33.66028,-117.99833,Jo ,Huntington Beach            ,CA,United States
Product2,25,2,3600,4,59.9166667,10.75,Astrid,Oslo,Oslo,Norway
Product2,30,2,3600,4,52.2333333,5.1833333,Stephanie,Hilversum,Noord-Holland,Netherlands
Product2,25,2,3600,4,46.5333333,6.6666667,Scott,Lausanne,Vaud,Switzerland
Product2,12,2,3600,3,38.895,-77.03667,Judy,Washington                  ,DC,United States
Product2,15,2,3600,4,39.69861,-86.46361,Charmain,Cartersburg                 ,IN,United States
Product2,8,2,3600,4,47.2833333,8.5333333,Liz,Langnau,Zurich,Switzerland
Product2,6,2,3600,3,49.1333333,-122.3,Christiane,Mission,British Columbia,Canada
Product2,11,2,3600,4,53.3244444,-6.3972222,Shiree,Clondalkin,Dublin,Ireland
Product2,20,2,3600,4,43.6666667,-79.4166667,Jessica,Toronto,Ontario,Canada
Product2,9,2,3600,1,46.25,6.1166667,Ghislaine,Ferney-Voltaire,Rhone-Alpes,France
Product2,8,2,3600,4,33.81861,-84.5825,Christian,Mableton                    ,GA,United States
Product2,27,2,3600,3,38.89028,-77.08444,Jean,Arlington                   ,VA,United States
Product2,8,2,3600,3,46.4333333,6.25,Caroline,Begnins,Vaud,Switzerland
Product2,16,2,3600,4,47.35,8.3833333,Karen,Berikon,Aargau,Switzerland
Product2,22,2,3600,4,45.4166667,-75.7,Lisa,Ottawa,Ontario,Canada
Product2,12,2,3600,2,28.02194,-81.73306,elizabeth r,Winter Haven                ,FL,United States
Product2,26,2,3600,1,40.69472,-80.13111,Tulin,Cranberry Twp               ,PA,United States
Product2,13,2,3600,3,43.6666667,-79.4166667,Anthony,Toronto,Ontario,Canada
Product2,25,2,3600,4,57.05306,-135.33,marie-louise,Sitka                       ,AK,United States
Product2,30,2,3600,3,60.1833333,-134.7166667,Tanya,Carcross,Yukon Territory,Canada
Product2,20,2,3600,4,51.0833333,-114.0833333,Stephen,Calgary,Alberta,Canada
Product2,13,2,3600,1,41.85,-87.65,John,Chicago                     ,IL,United States
Product2,22,2,3600,3,52.1833333,4.4666667,Parth,Oegstgeest,Zuid-Holland,Netherlands
Product2,25,2,3600,3,47.65,12.3166667,Gloria Gail ,Walc3ee,Tyrol,Austria
Product2,10,2,3600,3,32.21611,-80.75278,Cheryl,Hilton Head                 ,SC,United States
Product2,6,2,3600,3,42.47083,-70.91806,Triona,Swampscott                  ,MA,United States
Product2,2,2,3600,2,-31.9333333,115.8333333,clara,Perth,Western Australia,Australia
Product2,23,2,3600,3,-33.6333333,151.3333333,Anke,Avalon,New South Wales,Australia
Product2,7,2,3600,3,-33.8833333,151.2166667,TRICIA,Sydney,New South Wales,Australia
Product2,20,2,3600,2,53.65,-1.7833333,esther,Huddersfield,England,United Kingdom
Product2,28,2,3600,4,-20.3602778,57.3661111,Christiane,Black River,Black River,Mauritius
Product3,18,3,7500,3,53.6527778,-6.6813889,Julianne,Navan,Meath,Ireland
Product3,20,3,7500,3,32.525,-93.75,Amanda,Shreveport                  ,LA,United States
Product3,16,3,7500,4,40.66,-111.99556,Kristyn,Kearns                      ,UT,United States
Product3,5,3,7500,4,48.0833333,-1.6833333,Marion,Rennes,Brittany,France
Product3,14,3,7500,3,-22.9,-47.0833333,Diana,Campinas,Sao Paulo,Brazil
Product3,11,3,7500,4,35.96056,-83.92083,Hans,Knoxville                   ,TN,United States
Product3,25,3,7500,4,36.33194,-94.11833,scott,Rogers                      ,AR,United States
Product3,25,3,7500,4,-29.6166667,30.3833333,Michael,Pietermaritzburg,KwaZulu-Natal,South Africa
Product3,15,3,7500,4,34.96167,-89.82944,Karin,Olive Branch                ,MS,United States
Product3,12,3,7500,3,52.0833333,4.3,Brona,Den Haag,Zuid-Holland,Netherlands
Product3,25,3,7500,3,29.53861,-95.44722,Anita,Fresno                      ,TX,United States
Product3,17,3,7500,2,38.4666667,14.95,Michel,Lipari,Sicilia,Italy
Product3,17,3,7500,2,38.4666667,14.95,natalie,Lipari,Sicilia,Italy
Product3,22,3,7500,4,33.21833,-117.03333,Frank and Christelle,Valley Center               ,CA,United States
Product3,1,3,7500,1,42.94694,-76.42944,Pamela,Skaneateles                 ,NY,United States